image,GT,Predictions,TP,FP,FN,total_errors
01206.jpg,1,2,0,2,1,3
00597.jpg,1,2,0,2,1,3
00126.jpg,3,6,3,3,0,3
00317.jpg,1,2,0,2,1,3
00879.jpg,1,2,0,2,1,3
01753.jpg,1,2,0,2,1,3
02113.jpg,1,2,0,2,1,3
00714.jpg,1,1,0,1,1,2
00127.jpg,3,3,2,1,1,2
00889.jpg,1,1,0,1,1,2
00921.jpg,1,1,0,1,1,2
00051.jpg,1,3,1,2,0,2
00800.jpg,1,1,0,1,1,2
01092.jpg,3,3,2,1,1,2
01115.jpg,1,1,0,1,1,2
01187.jpg,1,1,0,1,1,2
01197.jpg,1,1,0,1,1,2
01219.jpg,1,1,0,1,1,2
01226.jpg,1,1,0,1,1,2
01294.jpg,1,1,0,1,1,2
01314.jpg,1,1,0,1,1,2
01315.jpg,1,1,0,1,1,2
01327.jpg,1,1,0,1,1,2
01363.jpg,1,1,0,1,1,2
01426.jpg,1,1,0,1,1,2
01680.jpg,1,1,0,1,1,2
01683.jpg,1,1,0,1,1,2
00032.jpg,1,1,0,1,1,2
01871.jpg,1,1,0,1,1,2
01900.jpg,1,1,0,1,1,2
02015.jpg,1,1,0,1,1,2
00112.jpg,1,3,1,2,0,2
02123.jpg,1,1,0,1,1,2
00283.jpg,1,2,1,1,0,1
00091.jpg,1,2,1,1,0,1
00430.jpg,1,2,1,1,0,1
00494.jpg,1,0,0,0,1,1
00920.jpg,1,0,0,0,1,1
00364.jpg,1,2,1,1,0,1
00288.jpg,1,2,1,1,0,1
00151.jpg,1,0,0,0,1,1
00152.jpg,1,0,0,0,1,1
00665.jpg,1,0,0,0,1,1
00247.jpg,1,0,0,0,1,1
00156.jpg,1,2,1,1,0,1
01085.jpg,3,4,3,1,0,1
00369.jpg,1,0,0,0,1,1
01079.jpg,1,2,1,1,0,1
00868.jpg,1,0,0,0,1,1
00741.jpg,1,0,0,0,1,1
00048.jpg,1,0,0,0,1,1
00050.jpg,1,2,1,1,0,1
00441.jpg,1,2,1,1,0,1
00210.jpg,1,2,1,1,0,1
00055.jpg,1,0,0,0,1,1
01067.jpg,1,2,1,1,0,1
00043.jpg,1,0,0,0,1,1
00722.jpg,1,0,0,0,1,1
00479.jpg,1,2,1,1,0,1
01097.jpg,1,2,1,1,0,1
00380.jpg,1,2,1,1,0,1
00262.jpg,1,2,1,1,0,1
00985.jpg,1,2,1,1,0,1
00264.jpg,1,0,0,0,1,1
01106.jpg,1,2,1,1,0,1
00959.jpg,1,0,0,0,1,1
01167.jpg,1,2,1,1,0,1
01181.jpg,1,0,0,0,1,1
00125.jpg,3,4,3,1,0,1
00069.jpg,1,2,1,1,0,1
00721.jpg,1,0,0,0,1,1
00071.jpg,1,0,0,0,1,1
01220.jpg,1,2,1,1,0,1
02170.jpg,1,0,0,0,1,1
01239.jpg,1,2,1,1,0,1
01249.jpg,1,0,0,0,1,1
01274.jpg,1,2,1,1,0,1
01275.jpg,1,0,0,0,1,1
00969.jpg,1,2,1,1,0,1
01296.jpg,1,2,1,1,0,1
00826.jpg,1,2,1,1,0,1
00351.jpg,1,0,0,0,1,1
01325.jpg,1,2,1,1,0,1
00227.jpg,1,2,1,1,0,1
00656.jpg,1,0,0,0,1,1
01364.jpg,1,2,1,1,0,1
01389.jpg,1,0,0,0,1,1
01034.jpg,1,2,1,1,0,1
01526.jpg,1,2,1,1,0,1
01541.jpg,1,2,1,1,0,1
01592.jpg,1,2,1,1,0,1
01613.jpg,1,0,0,0,1,1
01615.jpg,1,0,0,0,1,1
00931.jpg,1,0,0,0,1,1
00316.jpg,1,0,0,0,1,1
01710.jpg,1,2,1,1,0,1
00605.jpg,3,4,3,1,0,1
01756.jpg,1,2,1,1,0,1
01759.jpg,1,2,1,1,0,1
01774.jpg,1,0,0,0,1,1
01823.jpg,1,0,0,0,1,1
01833.jpg,1,0,0,0,1,1
00829.jpg,1,0,0,0,1,1
00607.jpg,1,2,1,1,0,1
01908.jpg,1,0,0,0,1,1
01911.jpg,1,0,0,0,1,1
01936.jpg,1,0,0,0,1,1
01952.jpg,1,0,0,0,1,1
00754.jpg,1,0,0,0,1,1
02048.jpg,1,2,1,1,0,1
02077.jpg,1,2,1,1,0,1
01022.jpg,1,2,1,1,0,1
00088.jpg,1,0,0,0,1,1
02156.jpg,1,0,0,0,1,1
00058.jpg,1,1,1,0,0,0
00059.jpg,1,1,1,0,0,0
00060.jpg,1,1,1,0,0,0
00061.jpg,1,1,1,0,0,0
00062.jpg,1,1,1,0,0,0
00063.jpg,1,1,1,0,0,0
00064.jpg,1,1,1,0,0,0
00065.jpg,1,1,1,0,0,0
00066.jpg,1,1,1,0,0,0
00067.jpg,1,1,1,0,0,0
00068.jpg,1,1,1,0,0,0
00070.jpg,1,1,1,0,0,0
00072.jpg,1,1,1,0,0,0
00073.jpg,1,1,1,0,0,0
00074.jpg,1,1,1,0,0,0
00075.jpg,1,1,1,0,0,0
00076.jpg,1,1,1,0,0,0
00077.jpg,1,1,1,0,0,0
00078.jpg,1,1,1,0,0,0
00079.jpg,1,1,1,0,0,0
00080.jpg,1,1,1,0,0,0
00081.jpg,1,1,1,0,0,0
00082.jpg,1,1,1,0,0,0
00083.jpg,1,1,1,0,0,0
00084.jpg,1,1,1,0,0,0
00085.jpg,1,1,1,0,0,0
00086.jpg,1,1,1,0,0,0
00087.jpg,1,1,1,0,0,0
00089.jpg,1,1,1,0,0,0
00090.jpg,1,1,1,0,0,0
00092.jpg,1,1,1,0,0,0
00093.jpg,1,1,1,0,0,0
00094.jpg,1,1,1,0,0,0
00095.jpg,1,1,1,0,0,0
00096.jpg,1,1,1,0,0,0
00097.jpg,1,1,1,0,0,0
00098.jpg,1,1,1,0,0,0
00099.jpg,1,1,1,0,0,0
00100.jpg,1,1,1,0,0,0
00101.jpg,1,1,1,0,0,0
00102.jpg,1,1,1,0,0,0
00103.jpg,1,1,1,0,0,0
00104.jpg,1,1,1,0,0,0
00105.jpg,1,1,1,0,0,0
00106.jpg,1,1,1,0,0,0
00107.jpg,1,1,1,0,0,0
00108.jpg,1,1,1,0,0,0
00109.jpg,1,1,1,0,0,0
00110.jpg,1,1,1,0,0,0
00111.jpg,1,1,1,0,0,0
00113.jpg,1,1,1,0,0,0
00114.jpg,1,1,1,0,0,0
00115.jpg,1,1,1,0,0,0
00116.jpg,1,1,1,0,0,0
00117.jpg,1,1,1,0,0,0
00118.jpg,1,1,1,0,0,0
00119.jpg,1,1,1,0,0,0
00120.jpg,3,3,3,0,0,0
00121.jpg,3,3,3,0,0,0
00122.jpg,3,3,3,0,0,0
00123.jpg,2,2,2,0,0,0
00124.jpg,2,2,2,0,0,0
00128.jpg,2,2,2,0,0,0
00129.jpg,1,1,1,0,0,0
00130.jpg,1,1,1,0,0,0
00131.jpg,1,1,1,0,0,0
00132.jpg,1,1,1,0,0,0
00133.jpg,1,1,1,0,0,0
00134.jpg,1,1,1,0,0,0
00135.jpg,1,1,1,0,0,0
00136.jpg,1,1,1,0,0,0
00137.jpg,1,1,1,0,0,0
00138.jpg,1,1,1,0,0,0
00139.jpg,1,1,1,0,0,0
00140.jpg,1,1,1,0,0,0
00141.jpg,1,1,1,0,0,0
00142.jpg,1,1,1,0,0,0
00143.jpg,1,1,1,0,0,0
00144.jpg,1,1,1,0,0,0
00145.jpg,1,1,1,0,0,0
00146.jpg,1,1,1,0,0,0
00147.jpg,1,1,1,0,0,0
00148.jpg,1,1,1,0,0,0
00149.jpg,1,1,1,0,0,0
00150.jpg,1,1,1,0,0,0
00153.jpg,1,1,1,0,0,0
00154.jpg,1,1,1,0,0,0
00155.jpg,1,1,1,0,0,0
00157.jpg,1,1,1,0,0,0
00158.jpg,1,1,1,0,0,0
00159.jpg,1,1,1,0,0,0
00160.jpg,1,1,1,0,0,0
00161.jpg,1,1,1,0,0,0
00162.jpg,1,1,1,0,0,0
00163.jpg,1,1,1,0,0,0
00164.jpg,1,1,1,0,0,0
00165.jpg,1,1,1,0,0,0
00166.jpg,1,1,1,0,0,0
00167.jpg,1,1,1,0,0,0
00168.jpg,1,1,1,0,0,0
00169.jpg,1,1,1,0,0,0
00170.jpg,1,1,1,0,0,0
00171.jpg,1,1,1,0,0,0
00172.jpg,1,1,1,0,0,0
00173.jpg,1,1,1,0,0,0
00174.jpg,1,1,1,0,0,0
00175.jpg,1,1,1,0,0,0
00176.jpg,1,1,1,0,0,0
00177.jpg,1,1,1,0,0,0
00178.jpg,1,1,1,0,0,0
00179.jpg,1,1,1,0,0,0
00180.jpg,1,1,1,0,0,0
00181.jpg,1,1,1,0,0,0
00182.jpg,1,1,1,0,0,0
00183.jpg,1,1,1,0,0,0
00184.jpg,1,1,1,0,0,0
00185.jpg,1,1,1,0,0,0
00186.jpg,1,1,1,0,0,0
00187.jpg,1,1,1,0,0,0
00188.jpg,1,1,1,0,0,0
00189.jpg,1,1,1,0,0,0
00190.jpg,1,1,1,0,0,0
00191.jpg,1,1,1,0,0,0
00192.jpg,1,1,1,0,0,0
00193.jpg,1,1,1,0,0,0
00194.jpg,1,1,1,0,0,0
00195.jpg,1,1,1,0,0,0
00196.jpg,1,1,1,0,0,0
00197.jpg,1,1,1,0,0,0
00198.jpg,1,1,1,0,0,0
00199.jpg,1,1,1,0,0,0
00200.jpg,1,1,1,0,0,0
00201.jpg,1,1,1,0,0,0
00202.jpg,1,1,1,0,0,0
00203.jpg,1,1,1,0,0,0
00204.jpg,1,1,1,0,0,0
00205.jpg,1,1,1,0,0,0
00206.jpg,1,1,1,0,0,0
00207.jpg,1,1,1,0,0,0
00208.jpg,1,1,1,0,0,0
00209.jpg,1,1,1,0,0,0
00211.jpg,1,1,1,0,0,0
00212.jpg,1,1,1,0,0,0
00213.jpg,1,1,1,0,0,0
00214.jpg,1,1,1,0,0,0
00215.jpg,1,1,1,0,0,0
00216.jpg,1,1,1,0,0,0
00217.jpg,1,1,1,0,0,0
00218.jpg,1,1,1,0,0,0
00219.jpg,1,1,1,0,0,0
00220.jpg,1,1,1,0,0,0
00221.jpg,1,1,1,0,0,0
00222.jpg,1,1,1,0,0,0
00223.jpg,1,1,1,0,0,0
00224.jpg,1,1,1,0,0,0
00225.jpg,1,1,1,0,0,0
00226.jpg,1,1,1,0,0,0
00228.jpg,1,1,1,0,0,0
00229.jpg,1,1,1,0,0,0
00230.jpg,2,2,2,0,0,0
00231.jpg,2,2,2,0,0,0
00232.jpg,1,1,1,0,0,0
00233.jpg,1,1,1,0,0,0
00234.jpg,1,1,1,0,0,0
00235.jpg,2,2,2,0,0,0
00236.jpg,2,2,2,0,0,0
00237.jpg,1,1,1,0,0,0
00238.jpg,1,1,1,0,0,0
00239.jpg,2,2,2,0,0,0
00240.jpg,1,1,1,0,0,0
00241.jpg,1,1,1,0,0,0
00242.jpg,1,1,1,0,0,0
00243.jpg,1,1,1,0,0,0
00244.jpg,1,1,1,0,0,0
00245.jpg,1,1,1,0,0,0
00246.jpg,1,1,1,0,0,0
00248.jpg,1,1,1,0,0,0
00249.jpg,1,1,1,0,0,0
00250.jpg,1,1,1,0,0,0
00251.jpg,1,1,1,0,0,0
00252.jpg,1,1,1,0,0,0
00253.jpg,1,1,1,0,0,0
00254.jpg,1,1,1,0,0,0
00255.jpg,1,1,1,0,0,0
00256.jpg,1,1,1,0,0,0
00257.jpg,1,1,1,0,0,0
00258.jpg,1,1,1,0,0,0
00259.jpg,1,1,1,0,0,0
00260.jpg,1,1,1,0,0,0
00261.jpg,1,1,1,0,0,0
00263.jpg,1,1,1,0,0,0
00265.jpg,1,1,1,0,0,0
00266.jpg,1,1,1,0,0,0
00267.jpg,1,1,1,0,0,0
00268.jpg,1,1,1,0,0,0
00269.jpg,1,1,1,0,0,0
00270.jpg,1,1,1,0,0,0
00271.jpg,1,1,1,0,0,0
00272.jpg,1,1,1,0,0,0
00273.jpg,1,1,1,0,0,0
00274.jpg,1,1,1,0,0,0
00275.jpg,1,1,1,0,0,0
00276.jpg,1,1,1,0,0,0
00277.jpg,1,1,1,0,0,0
00278.jpg,1,1,1,0,0,0
00279.jpg,1,1,1,0,0,0
00280.jpg,1,1,1,0,0,0
00281.jpg,1,1,1,0,0,0
00282.jpg,1,1,1,0,0,0
00284.jpg,1,1,1,0,0,0
00285.jpg,1,1,1,0,0,0
00286.jpg,1,1,1,0,0,0
00287.jpg,1,1,1,0,0,0
00289.jpg,1,1,1,0,0,0
00290.jpg,1,1,1,0,0,0
00291.jpg,1,1,1,0,0,0
00292.jpg,1,1,1,0,0,0
00293.jpg,1,1,1,0,0,0
00294.jpg,1,1,1,0,0,0
00295.jpg,1,1,1,0,0,0
00296.jpg,1,1,1,0,0,0
00297.jpg,1,1,1,0,0,0
00298.jpg,1,1,1,0,0,0
00299.jpg,1,1,1,0,0,0
00300.jpg,1,1,1,0,0,0
00301.jpg,1,1,1,0,0,0
00302.jpg,1,1,1,0,0,0
00303.jpg,1,1,1,0,0,0
00304.jpg,1,1,1,0,0,0
00305.jpg,1,1,1,0,0,0
00306.jpg,1,1,1,0,0,0
00307.jpg,1,1,1,0,0,0
00308.jpg,1,1,1,0,0,0
00309.jpg,1,1,1,0,0,0
00310.jpg,1,1,1,0,0,0
00311.jpg,1,1,1,0,0,0
00312.jpg,1,1,1,0,0,0
00313.jpg,1,1,1,0,0,0
00314.jpg,1,1,1,0,0,0
00315.jpg,1,1,1,0,0,0
00318.jpg,1,1,1,0,0,0
00319.jpg,1,1,1,0,0,0
00320.jpg,1,1,1,0,0,0
00321.jpg,1,1,1,0,0,0
00322.jpg,1,1,1,0,0,0
00323.jpg,1,1,1,0,0,0
00324.jpg,1,1,1,0,0,0
00325.jpg,1,1,1,0,0,0
00326.jpg,1,1,1,0,0,0
00327.jpg,1,1,1,0,0,0
00328.jpg,1,1,1,0,0,0
00329.jpg,1,1,1,0,0,0
00330.jpg,1,1,1,0,0,0
00331.jpg,1,1,1,0,0,0
00332.jpg,1,1,1,0,0,0
00333.jpg,1,1,1,0,0,0
00334.jpg,1,1,1,0,0,0
00335.jpg,1,1,1,0,0,0
00336.jpg,1,1,1,0,0,0
00337.jpg,1,1,1,0,0,0
00338.jpg,1,1,1,0,0,0
00339.jpg,1,1,1,0,0,0
00340.jpg,1,1,1,0,0,0
00341.jpg,1,1,1,0,0,0
00342.jpg,1,1,1,0,0,0
00343.jpg,1,1,1,0,0,0
00344.jpg,1,1,1,0,0,0
00345.jpg,1,1,1,0,0,0
00346.jpg,1,1,1,0,0,0
00347.jpg,1,1,1,0,0,0
00348.jpg,1,1,1,0,0,0
00349.jpg,1,1,1,0,0,0
00350.jpg,1,1,1,0,0,0
00352.jpg,1,1,1,0,0,0
00353.jpg,1,1,1,0,0,0
00354.jpg,1,1,1,0,0,0
00355.jpg,1,1,1,0,0,0
00356.jpg,1,1,1,0,0,0
00357.jpg,1,1,1,0,0,0
00358.jpg,1,1,1,0,0,0
00359.jpg,1,1,1,0,0,0
00360.jpg,1,1,1,0,0,0
00361.jpg,1,1,1,0,0,0
00362.jpg,1,1,1,0,0,0
00363.jpg,1,1,1,0,0,0
00365.jpg,1,1,1,0,0,0
00366.jpg,1,1,1,0,0,0
00367.jpg,1,1,1,0,0,0
00368.jpg,1,1,1,0,0,0
00370.jpg,1,1,1,0,0,0
00371.jpg,1,1,1,0,0,0
00372.jpg,1,1,1,0,0,0
00373.jpg,1,1,1,0,0,0
00374.jpg,1,1,1,0,0,0
00375.jpg,1,1,1,0,0,0
00376.jpg,1,1,1,0,0,0
00377.jpg,1,1,1,0,0,0
00378.jpg,1,1,1,0,0,0
00379.jpg,1,1,1,0,0,0
00381.jpg,1,1,1,0,0,0
00382.jpg,1,1,1,0,0,0
00383.jpg,1,1,1,0,0,0
00384.jpg,1,1,1,0,0,0
00385.jpg,1,1,1,0,0,0
00386.jpg,1,1,1,0,0,0
00387.jpg,1,1,1,0,0,0
00388.jpg,1,1,1,0,0,0
00389.jpg,1,1,1,0,0,0
00390.jpg,1,1,1,0,0,0
00391.jpg,1,1,1,0,0,0
00392.jpg,1,1,1,0,0,0
00393.jpg,1,1,1,0,0,0
00394.jpg,1,1,1,0,0,0
00395.jpg,1,1,1,0,0,0
00396.jpg,1,1,1,0,0,0
00397.jpg,1,1,1,0,0,0
00398.jpg,1,1,1,0,0,0
00399.jpg,1,1,1,0,0,0
00400.jpg,1,1,1,0,0,0
00401.jpg,1,1,1,0,0,0
00402.jpg,1,1,1,0,0,0
00403.jpg,1,1,1,0,0,0
00404.jpg,1,1,1,0,0,0
00405.jpg,1,1,1,0,0,0
00406.jpg,1,1,1,0,0,0
00407.jpg,1,1,1,0,0,0
00408.jpg,1,1,1,0,0,0
00409.jpg,1,1,1,0,0,0
00410.jpg,1,1,1,0,0,0
00411.jpg,1,1,1,0,0,0
00412.jpg,1,1,1,0,0,0
00413.jpg,1,1,1,0,0,0
00414.jpg,1,1,1,0,0,0
00415.jpg,1,1,1,0,0,0
00416.jpg,1,1,1,0,0,0
00417.jpg,1,1,1,0,0,0
00418.jpg,1,1,1,0,0,0
00419.jpg,1,1,1,0,0,0
00420.jpg,1,1,1,0,0,0
00421.jpg,1,1,1,0,0,0
00422.jpg,1,1,1,0,0,0
00423.jpg,1,1,1,0,0,0
00424.jpg,1,1,1,0,0,0
00425.jpg,1,1,1,0,0,0
00426.jpg,1,1,1,0,0,0
00427.jpg,1,1,1,0,0,0
00428.jpg,1,1,1,0,0,0
00429.jpg,1,1,1,0,0,0
00431.jpg,1,1,1,0,0,0
00432.jpg,1,1,1,0,0,0
00433.jpg,1,1,1,0,0,0
00434.jpg,1,1,1,0,0,0
00435.jpg,1,1,1,0,0,0
00436.jpg,1,1,1,0,0,0
00437.jpg,1,1,1,0,0,0
00438.jpg,1,1,1,0,0,0
00439.jpg,1,1,1,0,0,0
00440.jpg,1,1,1,0,0,0
00442.jpg,1,1,1,0,0,0
00443.jpg,1,1,1,0,0,0
00444.jpg,1,1,1,0,0,0
00445.jpg,1,1,1,0,0,0
00446.jpg,1,1,1,0,0,0
00447.jpg,1,1,1,0,0,0
00448.jpg,1,1,1,0,0,0
00449.jpg,1,1,1,0,0,0
00450.jpg,1,1,1,0,0,0
00451.jpg,1,1,1,0,0,0
00452.jpg,1,1,1,0,0,0
00453.jpg,1,1,1,0,0,0
00454.jpg,1,1,1,0,0,0
00455.jpg,1,1,1,0,0,0
00456.jpg,1,1,1,0,0,0
00457.jpg,1,1,1,0,0,0
00458.jpg,1,1,1,0,0,0
00459.jpg,1,1,1,0,0,0
00460.jpg,1,1,1,0,0,0
00461.jpg,1,1,1,0,0,0
00462.jpg,1,1,1,0,0,0
00463.jpg,1,1,1,0,0,0
00464.jpg,1,1,1,0,0,0
00465.jpg,1,1,1,0,0,0
00466.jpg,1,1,1,0,0,0
00467.jpg,1,1,1,0,0,0
00468.jpg,1,1,1,0,0,0
00469.jpg,1,1,1,0,0,0
00470.jpg,1,1,1,0,0,0
00471.jpg,1,1,1,0,0,0
00472.jpg,1,1,1,0,0,0
00473.jpg,1,1,1,0,0,0
00474.jpg,1,1,1,0,0,0
00475.jpg,1,1,1,0,0,0
00476.jpg,1,1,1,0,0,0
00477.jpg,1,1,1,0,0,0
00478.jpg,1,1,1,0,0,0
00480.jpg,1,1,1,0,0,0
00481.jpg,1,1,1,0,0,0
00482.jpg,1,1,1,0,0,0
00483.jpg,1,1,1,0,0,0
00484.jpg,1,1,1,0,0,0
00485.jpg,1,1,1,0,0,0
00486.jpg,1,1,1,0,0,0
00487.jpg,1,1,1,0,0,0
00488.jpg,1,1,1,0,0,0
00489.jpg,1,1,1,0,0,0
00490.jpg,1,1,1,0,0,0
00491.jpg,1,1,1,0,0,0
00492.jpg,1,1,1,0,0,0
00493.jpg,1,1,1,0,0,0
00495.jpg,1,1,1,0,0,0
00496.jpg,1,1,1,0,0,0
00497.jpg,1,1,1,0,0,0
00498.jpg,1,1,1,0,0,0
00499.jpg,1,1,1,0,0,0
00500.jpg,1,1,1,0,0,0
00501.jpg,1,1,1,0,0,0
00502.jpg,1,1,1,0,0,0
00503.jpg,1,1,1,0,0,0
00504.jpg,1,1,1,0,0,0
00505.jpg,1,1,1,0,0,0
00506.jpg,1,1,1,0,0,0
00507.jpg,1,1,1,0,0,0
00508.jpg,1,1,1,0,0,0
00509.jpg,1,1,1,0,0,0
00510.jpg,1,1,1,0,0,0
00511.jpg,1,1,1,0,0,0
00512.jpg,1,1,1,0,0,0
00513.jpg,1,1,1,0,0,0
00514.jpg,1,1,1,0,0,0
00515.jpg,1,1,1,0,0,0
00516.jpg,1,1,1,0,0,0
00517.jpg,1,1,1,0,0,0
00518.jpg,1,1,1,0,0,0
00519.jpg,1,1,1,0,0,0
00520.jpg,1,1,1,0,0,0
00521.jpg,1,1,1,0,0,0
00522.jpg,1,1,1,0,0,0
00523.jpg,1,1,1,0,0,0
00524.jpg,1,1,1,0,0,0
00525.jpg,1,1,1,0,0,0
00526.jpg,1,1,1,0,0,0
00527.jpg,1,1,1,0,0,0
00528.jpg,1,1,1,0,0,0
00529.jpg,1,1,1,0,0,0
00530.jpg,1,1,1,0,0,0
00531.jpg,1,1,1,0,0,0
00532.jpg,1,1,1,0,0,0
00533.jpg,1,1,1,0,0,0
00534.jpg,1,1,1,0,0,0
00535.jpg,1,1,1,0,0,0
00536.jpg,1,1,1,0,0,0
00537.jpg,1,1,1,0,0,0
00538.jpg,1,1,1,0,0,0
00539.jpg,1,1,1,0,0,0
00540.jpg,1,1,1,0,0,0
00541.jpg,1,1,1,0,0,0
00542.jpg,1,1,1,0,0,0
00543.jpg,1,1,1,0,0,0
00544.jpg,1,1,1,0,0,0
00545.jpg,1,1,1,0,0,0
00546.jpg,1,1,1,0,0,0
00547.jpg,1,1,1,0,0,0
00548.jpg,1,1,1,0,0,0
00549.jpg,1,1,1,0,0,0
00550.jpg,1,1,1,0,0,0
00551.jpg,1,1,1,0,0,0
00552.jpg,1,1,1,0,0,0
00553.jpg,1,1,1,0,0,0
00554.jpg,1,1,1,0,0,0
00555.jpg,1,1,1,0,0,0
00556.jpg,1,1,1,0,0,0
00557.jpg,1,1,1,0,0,0
00558.jpg,1,1,1,0,0,0
00559.jpg,1,1,1,0,0,0
00560.jpg,1,1,1,0,0,0
00561.jpg,1,1,1,0,0,0
00562.jpg,1,1,1,0,0,0
00563.jpg,1,1,1,0,0,0
00564.jpg,1,1,1,0,0,0
00565.jpg,1,1,1,0,0,0
00566.jpg,1,1,1,0,0,0
00567.jpg,1,1,1,0,0,0
00568.jpg,1,1,1,0,0,0
00569.jpg,1,1,1,0,0,0
00570.jpg,1,1,1,0,0,0
00571.jpg,1,1,1,0,0,0
00572.jpg,1,1,1,0,0,0
00573.jpg,1,1,1,0,0,0
00574.jpg,1,1,1,0,0,0
00575.jpg,1,1,1,0,0,0
00576.jpg,1,1,1,0,0,0
00577.jpg,1,1,1,0,0,0
00578.jpg,1,1,1,0,0,0
00579.jpg,1,1,1,0,0,0
00580.jpg,1,1,1,0,0,0
00581.jpg,1,1,1,0,0,0
00582.jpg,1,1,1,0,0,0
00583.jpg,1,1,1,0,0,0
00584.jpg,1,1,1,0,0,0
00585.jpg,1,1,1,0,0,0
00586.jpg,1,1,1,0,0,0
00587.jpg,1,1,1,0,0,0
00588.jpg,1,1,1,0,0,0
00589.jpg,1,1,1,0,0,0
00590.jpg,1,1,1,0,0,0
00591.jpg,1,1,1,0,0,0
00592.jpg,1,1,1,0,0,0
00593.jpg,1,1,1,0,0,0
00594.jpg,1,1,1,0,0,0
00595.jpg,1,1,1,0,0,0
00596.jpg,1,1,1,0,0,0
00598.jpg,1,1,1,0,0,0
00599.jpg,1,1,1,0,0,0
00600.jpg,1,1,1,0,0,0
00601.jpg,1,1,1,0,0,0
00602.jpg,1,1,1,0,0,0
00603.jpg,1,1,1,0,0,0
00604.jpg,1,1,1,0,0,0
00606.jpg,1,1,1,0,0,0
00608.jpg,1,1,1,0,0,0
00609.jpg,1,1,1,0,0,0
00610.jpg,1,1,1,0,0,0
00611.jpg,1,1,1,0,0,0
00612.jpg,1,1,1,0,0,0
00613.jpg,1,1,1,0,0,0
00614.jpg,1,1,1,0,0,0
00615.jpg,1,1,1,0,0,0
00616.jpg,1,1,1,0,0,0
00617.jpg,1,1,1,0,0,0
00618.jpg,1,1,1,0,0,0
00619.jpg,1,1,1,0,0,0
00620.jpg,1,1,1,0,0,0
00621.jpg,1,1,1,0,0,0
00622.jpg,1,1,1,0,0,0
00623.jpg,1,1,1,0,0,0
00624.jpg,1,1,1,0,0,0
00625.jpg,1,1,1,0,0,0
00626.jpg,1,1,1,0,0,0
00627.jpg,1,1,1,0,0,0
00628.jpg,1,1,1,0,0,0
00629.jpg,1,1,1,0,0,0
00630.jpg,1,1,1,0,0,0
00631.jpg,1,1,1,0,0,0
00632.jpg,1,1,1,0,0,0
00633.jpg,1,1,1,0,0,0
00634.jpg,1,1,1,0,0,0
00635.jpg,1,1,1,0,0,0
00636.jpg,1,1,1,0,0,0
00637.jpg,1,1,1,0,0,0
00638.jpg,1,1,1,0,0,0
00639.jpg,1,1,1,0,0,0
00640.jpg,1,1,1,0,0,0
00641.jpg,1,1,1,0,0,0
00642.jpg,1,1,1,0,0,0
00643.jpg,1,1,1,0,0,0
00644.jpg,1,1,1,0,0,0
00645.jpg,1,1,1,0,0,0
00646.jpg,1,1,1,0,0,0
00647.jpg,1,1,1,0,0,0
00648.jpg,1,1,1,0,0,0
00649.jpg,1,1,1,0,0,0
00650.jpg,1,1,1,0,0,0
00651.jpg,1,1,1,0,0,0
00652.jpg,1,1,1,0,0,0
00653.jpg,1,1,1,0,0,0
00654.jpg,1,1,1,0,0,0
00655.jpg,1,1,1,0,0,0
00657.jpg,1,1,1,0,0,0
00658.jpg,1,1,1,0,0,0
00659.jpg,1,1,1,0,0,0
00660.jpg,1,1,1,0,0,0
00661.jpg,1,1,1,0,0,0
00662.jpg,1,1,1,0,0,0
00663.jpg,1,1,1,0,0,0
00664.jpg,1,1,1,0,0,0
00666.jpg,1,1,1,0,0,0
00667.jpg,1,1,1,0,0,0
00668.jpg,1,1,1,0,0,0
00669.jpg,1,1,1,0,0,0
00670.jpg,1,1,1,0,0,0
00671.jpg,1,1,1,0,0,0
00672.jpg,1,1,1,0,0,0
00673.jpg,1,1,1,0,0,0
00674.jpg,1,1,1,0,0,0
00675.jpg,1,1,1,0,0,0
00676.jpg,1,1,1,0,0,0
00677.jpg,1,1,1,0,0,0
00678.jpg,1,1,1,0,0,0
00679.jpg,1,1,1,0,0,0
00680.jpg,1,1,1,0,0,0
00681.jpg,1,1,1,0,0,0
00682.jpg,1,1,1,0,0,0
00683.jpg,1,1,1,0,0,0
00684.jpg,1,1,1,0,0,0
00685.jpg,1,1,1,0,0,0
00686.jpg,1,1,1,0,0,0
00687.jpg,1,1,1,0,0,0
00688.jpg,1,1,1,0,0,0
00689.jpg,1,1,1,0,0,0
00690.jpg,1,1,1,0,0,0
00691.jpg,1,1,1,0,0,0
00692.jpg,1,1,1,0,0,0
00693.jpg,1,1,1,0,0,0
00694.jpg,1,1,1,0,0,0
00695.jpg,1,1,1,0,0,0
00696.jpg,1,1,1,0,0,0
00697.jpg,1,1,1,0,0,0
00698.jpg,1,1,1,0,0,0
00699.jpg,1,1,1,0,0,0
00700.jpg,1,1,1,0,0,0
00701.jpg,1,1,1,0,0,0
00702.jpg,1,1,1,0,0,0
00703.jpg,1,1,1,0,0,0
00704.jpg,1,1,1,0,0,0
00705.jpg,1,1,1,0,0,0
00706.jpg,1,1,1,0,0,0
00707.jpg,1,1,1,0,0,0
00708.jpg,1,1,1,0,0,0
00709.jpg,1,1,1,0,0,0
00710.jpg,1,1,1,0,0,0
00711.jpg,1,1,1,0,0,0
00712.jpg,1,1,1,0,0,0
00713.jpg,1,1,1,0,0,0
00715.jpg,1,1,1,0,0,0
00716.jpg,1,1,1,0,0,0
00717.jpg,1,1,1,0,0,0
00718.jpg,1,1,1,0,0,0
00719.jpg,1,1,1,0,0,0
00720.jpg,1,1,1,0,0,0
00723.jpg,1,1,1,0,0,0
00724.jpg,1,1,1,0,0,0
00725.jpg,1,1,1,0,0,0
00726.jpg,1,1,1,0,0,0
00727.jpg,1,1,1,0,0,0
00728.jpg,1,1,1,0,0,0
00729.jpg,1,1,1,0,0,0
00730.jpg,1,1,1,0,0,0
00731.jpg,1,1,1,0,0,0
00732.jpg,1,1,1,0,0,0
00733.jpg,1,1,1,0,0,0
00734.jpg,1,1,1,0,0,0
00735.jpg,1,1,1,0,0,0
00736.jpg,1,1,1,0,0,0
00737.jpg,1,1,1,0,0,0
00738.jpg,1,1,1,0,0,0
00739.jpg,1,1,1,0,0,0
00740.jpg,1,1,1,0,0,0
00742.jpg,1,1,1,0,0,0
00743.jpg,1,1,1,0,0,0
00744.jpg,1,1,1,0,0,0
00745.jpg,1,1,1,0,0,0
00746.jpg,1,1,1,0,0,0
00747.jpg,1,1,1,0,0,0
00748.jpg,1,1,1,0,0,0
00749.jpg,1,1,1,0,0,0
00750.jpg,1,1,1,0,0,0
00751.jpg,1,1,1,0,0,0
00752.jpg,1,1,1,0,0,0
00753.jpg,1,1,1,0,0,0
00755.jpg,1,1,1,0,0,0
00756.jpg,1,1,1,0,0,0
00757.jpg,1,1,1,0,0,0
00758.jpg,1,1,1,0,0,0
00759.jpg,1,1,1,0,0,0
00760.jpg,1,1,1,0,0,0
00761.jpg,1,1,1,0,0,0
00762.jpg,1,1,1,0,0,0
00763.jpg,1,1,1,0,0,0
00764.jpg,1,1,1,0,0,0
00765.jpg,1,1,1,0,0,0
00766.jpg,1,1,1,0,0,0
00767.jpg,1,1,1,0,0,0
00768.jpg,1,1,1,0,0,0
00769.jpg,1,1,1,0,0,0
00770.jpg,1,1,1,0,0,0
00771.jpg,1,1,1,0,0,0
00772.jpg,1,1,1,0,0,0
00773.jpg,1,1,1,0,0,0
00774.jpg,1,1,1,0,0,0
00775.jpg,1,1,1,0,0,0
00776.jpg,1,1,1,0,0,0
00777.jpg,1,1,1,0,0,0
00778.jpg,1,1,1,0,0,0
00779.jpg,1,1,1,0,0,0
00780.jpg,1,1,1,0,0,0
00781.jpg,1,1,1,0,0,0
00782.jpg,1,1,1,0,0,0
00783.jpg,1,1,1,0,0,0
00784.jpg,1,1,1,0,0,0
00785.jpg,1,1,1,0,0,0
00786.jpg,1,1,1,0,0,0
00787.jpg,1,1,1,0,0,0
00788.jpg,1,1,1,0,0,0
00789.jpg,1,1,1,0,0,0
00790.jpg,1,1,1,0,0,0
00791.jpg,1,1,1,0,0,0
00792.jpg,1,1,1,0,0,0
00793.jpg,1,1,1,0,0,0
00794.jpg,1,1,1,0,0,0
00795.jpg,1,1,1,0,0,0
00796.jpg,1,1,1,0,0,0
00797.jpg,1,1,1,0,0,0
00798.jpg,1,1,1,0,0,0
00799.jpg,1,1,1,0,0,0
00801.jpg,1,1,1,0,0,0
00802.jpg,1,1,1,0,0,0
00803.jpg,1,1,1,0,0,0
00804.jpg,1,1,1,0,0,0
00805.jpg,1,1,1,0,0,0
00806.jpg,1,1,1,0,0,0
00807.jpg,1,1,1,0,0,0
00808.jpg,1,1,1,0,0,0
00809.jpg,1,1,1,0,0,0
00810.jpg,1,1,1,0,0,0
00811.jpg,1,1,1,0,0,0
00812.jpg,1,1,1,0,0,0
00813.jpg,1,1,1,0,0,0
00814.jpg,1,1,1,0,0,0
00815.jpg,1,1,1,0,0,0
00816.jpg,1,1,1,0,0,0
00817.jpg,1,1,1,0,0,0
00818.jpg,1,1,1,0,0,0
00819.jpg,1,1,1,0,0,0
00820.jpg,1,1,1,0,0,0
00821.jpg,1,1,1,0,0,0
00822.jpg,1,1,1,0,0,0
00823.jpg,1,1,1,0,0,0
00824.jpg,1,1,1,0,0,0
00825.jpg,1,1,1,0,0,0
00827.jpg,1,1,1,0,0,0
00828.jpg,1,1,1,0,0,0
00830.jpg,1,1,1,0,0,0
00831.jpg,1,1,1,0,0,0
00832.jpg,1,1,1,0,0,0
00833.jpg,1,1,1,0,0,0
00834.jpg,1,1,1,0,0,0
00835.jpg,1,1,1,0,0,0
00836.jpg,1,1,1,0,0,0
00837.jpg,1,1,1,0,0,0
00838.jpg,1,1,1,0,0,0
00839.jpg,1,1,1,0,0,0
00840.jpg,1,1,1,0,0,0
00841.jpg,1,1,1,0,0,0
00842.jpg,1,1,1,0,0,0
00843.jpg,1,1,1,0,0,0
00844.jpg,1,1,1,0,0,0
00845.jpg,1,1,1,0,0,0
00846.jpg,1,1,1,0,0,0
00847.jpg,1,1,1,0,0,0
00848.jpg,1,1,1,0,0,0
00849.jpg,1,1,1,0,0,0
00850.jpg,1,1,1,0,0,0
00851.jpg,1,1,1,0,0,0
00852.jpg,1,1,1,0,0,0
00853.jpg,1,1,1,0,0,0
00854.jpg,1,1,1,0,0,0
00855.jpg,1,1,1,0,0,0
00856.jpg,1,1,1,0,0,0
00857.jpg,1,1,1,0,0,0
00858.jpg,1,1,1,0,0,0
00859.jpg,1,1,1,0,0,0
00860.jpg,1,1,1,0,0,0
00861.jpg,1,1,1,0,0,0
00862.jpg,1,1,1,0,0,0
00863.jpg,1,1,1,0,0,0
00864.jpg,1,1,1,0,0,0
00865.jpg,1,1,1,0,0,0
00866.jpg,1,1,1,0,0,0
00867.jpg,1,1,1,0,0,0
00869.jpg,1,1,1,0,0,0
00870.jpg,1,1,1,0,0,0
00871.jpg,1,1,1,0,0,0
00872.jpg,1,1,1,0,0,0
00873.jpg,1,1,1,0,0,0
00874.jpg,1,1,1,0,0,0
00875.jpg,1,1,1,0,0,0
00876.jpg,1,1,1,0,0,0
00877.jpg,1,1,1,0,0,0
00878.jpg,1,1,1,0,0,0
00880.jpg,1,1,1,0,0,0
00881.jpg,1,1,1,0,0,0
00882.jpg,1,1,1,0,0,0
00883.jpg,1,1,1,0,0,0
00884.jpg,1,1,1,0,0,0
00885.jpg,1,1,1,0,0,0
00886.jpg,1,1,1,0,0,0
00887.jpg,1,1,1,0,0,0
00888.jpg,1,1,1,0,0,0
00890.jpg,1,1,1,0,0,0
00891.jpg,1,1,1,0,0,0
00892.jpg,1,1,1,0,0,0
00893.jpg,1,1,1,0,0,0
00894.jpg,1,1,1,0,0,0
00895.jpg,1,1,1,0,0,0
00896.jpg,1,1,1,0,0,0
00897.jpg,1,1,1,0,0,0
00898.jpg,1,1,1,0,0,0
00899.jpg,1,1,1,0,0,0
00900.jpg,1,1,1,0,0,0
00901.jpg,1,1,1,0,0,0
00902.jpg,1,1,1,0,0,0
00903.jpg,1,1,1,0,0,0
00904.jpg,1,1,1,0,0,0
00905.jpg,1,1,1,0,0,0
00906.jpg,1,1,1,0,0,0
00907.jpg,1,1,1,0,0,0
00908.jpg,1,1,1,0,0,0
00909.jpg,1,1,1,0,0,0
00910.jpg,1,1,1,0,0,0
00911.jpg,1,1,1,0,0,0
00912.jpg,1,1,1,0,0,0
00913.jpg,1,1,1,0,0,0
00914.jpg,1,1,1,0,0,0
00915.jpg,1,1,1,0,0,0
00916.jpg,1,1,1,0,0,0
00917.jpg,1,1,1,0,0,0
00918.jpg,1,1,1,0,0,0
00919.jpg,1,1,1,0,0,0
00922.jpg,1,1,1,0,0,0
00923.jpg,1,1,1,0,0,0
00924.jpg,1,1,1,0,0,0
00925.jpg,1,1,1,0,0,0
00926.jpg,1,1,1,0,0,0
00927.jpg,1,1,1,0,0,0
00928.jpg,1,1,1,0,0,0
00929.jpg,1,1,1,0,0,0
00930.jpg,1,1,1,0,0,0
00932.jpg,1,1,1,0,0,0
00933.jpg,1,1,1,0,0,0
00934.jpg,1,1,1,0,0,0
00935.jpg,1,1,1,0,0,0
00936.jpg,1,1,1,0,0,0
00937.jpg,1,1,1,0,0,0
00938.jpg,1,1,1,0,0,0
00939.jpg,1,1,1,0,0,0
00940.jpg,1,1,1,0,0,0
00941.jpg,1,1,1,0,0,0
00942.jpg,1,1,1,0,0,0
00943.jpg,1,1,1,0,0,0
00944.jpg,1,1,1,0,0,0
00945.jpg,1,1,1,0,0,0
00946.jpg,1,1,1,0,0,0
00947.jpg,1,1,1,0,0,0
00948.jpg,1,1,1,0,0,0
00949.jpg,1,1,1,0,0,0
00950.jpg,1,1,1,0,0,0
00951.jpg,1,1,1,0,0,0
00952.jpg,1,1,1,0,0,0
00953.jpg,1,1,1,0,0,0
00954.jpg,1,1,1,0,0,0
00955.jpg,1,1,1,0,0,0
00956.jpg,1,1,1,0,0,0
00957.jpg,1,1,1,0,0,0
00958.jpg,1,1,1,0,0,0
00960.jpg,1,1,1,0,0,0
00961.jpg,1,1,1,0,0,0
00962.jpg,1,1,1,0,0,0
00963.jpg,1,1,1,0,0,0
00964.jpg,1,1,1,0,0,0
00965.jpg,1,1,1,0,0,0
00966.jpg,1,1,1,0,0,0
00967.jpg,1,1,1,0,0,0
00968.jpg,1,1,1,0,0,0
00970.jpg,1,1,1,0,0,0
00971.jpg,1,1,1,0,0,0
00972.jpg,1,1,1,0,0,0
00973.jpg,1,1,1,0,0,0
00974.jpg,1,1,1,0,0,0
00975.jpg,1,1,1,0,0,0
00976.jpg,1,1,1,0,0,0
00977.jpg,1,1,1,0,0,0
00978.jpg,1,1,1,0,0,0
00979.jpg,1,1,1,0,0,0
00980.jpg,1,1,1,0,0,0
00981.jpg,1,1,1,0,0,0
00982.jpg,1,1,1,0,0,0
00983.jpg,1,1,1,0,0,0
00984.jpg,1,1,1,0,0,0
00986.jpg,1,1,1,0,0,0
00987.jpg,1,1,1,0,0,0
00988.jpg,1,1,1,0,0,0
00989.jpg,1,1,1,0,0,0
00990.jpg,1,1,1,0,0,0
00991.jpg,1,1,1,0,0,0
00992.jpg,1,1,1,0,0,0
00993.jpg,1,1,1,0,0,0
00994.jpg,1,1,1,0,0,0
00995.jpg,1,1,1,0,0,0
00996.jpg,1,1,1,0,0,0
00997.jpg,1,1,1,0,0,0
00998.jpg,1,1,1,0,0,0
00999.jpg,1,1,1,0,0,0
01000.jpg,1,1,1,0,0,0
01001.jpg,1,1,1,0,0,0
01002.jpg,1,1,1,0,0,0
01003.jpg,1,1,1,0,0,0
01004.jpg,1,1,1,0,0,0
01005.jpg,1,1,1,0,0,0
01006.jpg,1,1,1,0,0,0
01007.jpg,1,1,1,0,0,0
01008.jpg,1,1,1,0,0,0
01009.jpg,1,1,1,0,0,0
01010.jpg,1,1,1,0,0,0
01011.jpg,1,1,1,0,0,0
01012.jpg,1,1,1,0,0,0
01013.jpg,1,1,1,0,0,0
01014.jpg,1,1,1,0,0,0
01015.jpg,1,1,1,0,0,0
01016.jpg,1,1,1,0,0,0
01017.jpg,1,1,1,0,0,0
01018.jpg,1,1,1,0,0,0
01019.jpg,1,1,1,0,0,0
01020.jpg,1,1,1,0,0,0
01021.jpg,1,1,1,0,0,0
01023.jpg,1,1,1,0,0,0
01024.jpg,1,1,1,0,0,0
01025.jpg,1,1,1,0,0,0
01026.jpg,1,1,1,0,0,0
01027.jpg,1,1,1,0,0,0
01028.jpg,1,1,1,0,0,0
01029.jpg,1,1,1,0,0,0
01030.jpg,1,1,1,0,0,0
01031.jpg,1,1,1,0,0,0
01032.jpg,1,1,1,0,0,0
01033.jpg,1,1,1,0,0,0
01035.jpg,1,1,1,0,0,0
01036.jpg,1,1,1,0,0,0
01037.jpg,1,1,1,0,0,0
01038.jpg,1,1,1,0,0,0
01039.jpg,1,1,1,0,0,0
01040.jpg,1,1,1,0,0,0
01041.jpg,1,1,1,0,0,0
01042.jpg,1,1,1,0,0,0
01043.jpg,1,1,1,0,0,0
01044.jpg,1,1,1,0,0,0
01045.jpg,1,1,1,0,0,0
01046.jpg,1,1,1,0,0,0
01047.jpg,1,1,1,0,0,0
01048.jpg,1,1,1,0,0,0
01049.jpg,1,1,1,0,0,0
01050.jpg,1,1,1,0,0,0
01051.jpg,1,1,1,0,0,0
01052.jpg,1,1,1,0,0,0
01053.jpg,1,1,1,0,0,0
01054.jpg,1,1,1,0,0,0
01055.jpg,1,1,1,0,0,0
01056.jpg,2,2,2,0,0,0
01057.jpg,1,1,1,0,0,0
01058.jpg,1,1,1,0,0,0
01059.jpg,1,1,1,0,0,0
01060.jpg,1,1,1,0,0,0
01061.jpg,1,1,1,0,0,0
01062.jpg,1,1,1,0,0,0
01063.jpg,1,1,1,0,0,0
01064.jpg,1,1,1,0,0,0
01065.jpg,1,1,1,0,0,0
01066.jpg,1,1,1,0,0,0
01068.jpg,1,1,1,0,0,0
01069.jpg,1,1,1,0,0,0
01070.jpg,1,1,1,0,0,0
01071.jpg,1,1,1,0,0,0
01072.jpg,1,1,1,0,0,0
01073.jpg,1,1,1,0,0,0
01074.jpg,1,1,1,0,0,0
01075.jpg,1,1,1,0,0,0
01076.jpg,1,1,1,0,0,0
01077.jpg,1,1,1,0,0,0
01078.jpg,1,1,1,0,0,0
01080.jpg,1,1,1,0,0,0
01081.jpg,1,1,1,0,0,0
01082.jpg,1,1,1,0,0,0
01083.jpg,3,3,3,0,0,0
01084.jpg,3,3,3,0,0,0
01086.jpg,2,2,2,0,0,0
01087.jpg,1,1,1,0,0,0
01088.jpg,2,2,2,0,0,0
01089.jpg,1,1,1,0,0,0
01090.jpg,1,1,1,0,0,0
01091.jpg,3,3,3,0,0,0
01093.jpg,2,2,2,0,0,0
01094.jpg,1,1,1,0,0,0
01095.jpg,1,1,1,0,0,0
01096.jpg,1,1,1,0,0,0
01098.jpg,1,1,1,0,0,0
01099.jpg,1,1,1,0,0,0
01100.jpg,1,1,1,0,0,0
01101.jpg,1,1,1,0,0,0
01102.jpg,1,1,1,0,0,0
01103.jpg,1,1,1,0,0,0
01104.jpg,1,1,1,0,0,0
01105.jpg,1,1,1,0,0,0
00007.jpg,1,1,1,0,0,0
01107.jpg,1,1,1,0,0,0
01108.jpg,1,1,1,0,0,0
01109.jpg,1,1,1,0,0,0
01110.jpg,1,1,1,0,0,0
01111.jpg,1,1,1,0,0,0
01112.jpg,1,1,1,0,0,0
01113.jpg,1,1,1,0,0,0
01114.jpg,1,1,1,0,0,0
00008.jpg,1,1,1,0,0,0
01116.jpg,1,1,1,0,0,0
01117.jpg,1,1,1,0,0,0
01118.jpg,1,1,1,0,0,0
01119.jpg,1,1,1,0,0,0
01120.jpg,1,1,1,0,0,0
01121.jpg,1,1,1,0,0,0
01122.jpg,1,1,1,0,0,0
01123.jpg,1,1,1,0,0,0
01124.jpg,1,1,1,0,0,0
01125.jpg,1,1,1,0,0,0
01126.jpg,1,1,1,0,0,0
01127.jpg,1,1,1,0,0,0
01128.jpg,1,1,1,0,0,0
01129.jpg,1,1,1,0,0,0
01130.jpg,1,1,1,0,0,0
01131.jpg,1,1,1,0,0,0
01132.jpg,1,1,1,0,0,0
01133.jpg,1,1,1,0,0,0
01134.jpg,1,1,1,0,0,0
01135.jpg,1,1,1,0,0,0
01136.jpg,1,1,1,0,0,0
01137.jpg,1,1,1,0,0,0
01138.jpg,1,1,1,0,0,0
01139.jpg,1,1,1,0,0,0
01140.jpg,1,1,1,0,0,0
01141.jpg,1,1,1,0,0,0
01142.jpg,1,1,1,0,0,0
01143.jpg,1,1,1,0,0,0
01144.jpg,1,1,1,0,0,0
01145.jpg,1,1,1,0,0,0
01146.jpg,1,1,1,0,0,0
01147.jpg,1,1,1,0,0,0
01148.jpg,1,1,1,0,0,0
01149.jpg,1,1,1,0,0,0
01150.jpg,1,1,1,0,0,0
01151.jpg,1,1,1,0,0,0
01152.jpg,1,1,1,0,0,0
01153.jpg,1,1,1,0,0,0
01154.jpg,1,1,1,0,0,0
01155.jpg,1,1,1,0,0,0
01156.jpg,1,1,1,0,0,0
01157.jpg,1,1,1,0,0,0
01158.jpg,1,1,1,0,0,0
01159.jpg,1,1,1,0,0,0
01160.jpg,1,1,1,0,0,0
01161.jpg,1,1,1,0,0,0
01162.jpg,1,1,1,0,0,0
01163.jpg,1,1,1,0,0,0
01164.jpg,1,1,1,0,0,0
01165.jpg,1,1,1,0,0,0
01166.jpg,1,1,1,0,0,0
02169.jpg,1,1,1,0,0,0
01168.jpg,1,1,1,0,0,0
01169.jpg,1,1,1,0,0,0
01170.jpg,1,1,1,0,0,0
01171.jpg,1,1,1,0,0,0
01172.jpg,1,1,1,0,0,0
01173.jpg,1,1,1,0,0,0
01174.jpg,1,1,1,0,0,0
01175.jpg,1,1,1,0,0,0
01176.jpg,1,1,1,0,0,0
01177.jpg,1,1,1,0,0,0
01178.jpg,1,1,1,0,0,0
01179.jpg,1,1,1,0,0,0
01180.jpg,1,1,1,0,0,0
00024.jpg,1,1,1,0,0,0
01182.jpg,1,1,1,0,0,0
01183.jpg,1,1,1,0,0,0
01184.jpg,1,1,1,0,0,0
01185.jpg,1,1,1,0,0,0
01186.jpg,1,1,1,0,0,0
02185.jpg,1,1,1,0,0,0
01188.jpg,1,1,1,0,0,0
01189.jpg,1,1,1,0,0,0
01190.jpg,1,1,1,0,0,0
01191.jpg,1,1,1,0,0,0
01192.jpg,1,1,1,0,0,0
01193.jpg,1,1,1,0,0,0
01194.jpg,1,1,1,0,0,0
01195.jpg,1,1,1,0,0,0
01196.jpg,1,1,1,0,0,0
02184.jpg,1,1,1,0,0,0
01198.jpg,1,1,1,0,0,0
01199.jpg,1,1,1,0,0,0
01200.jpg,1,1,1,0,0,0
01201.jpg,1,1,1,0,0,0
01202.jpg,1,1,1,0,0,0
01203.jpg,1,1,1,0,0,0
01204.jpg,1,1,1,0,0,0
01205.jpg,1,1,1,0,0,0
00009.jpg,1,1,1,0,0,0
01207.jpg,1,1,1,0,0,0
01208.jpg,1,1,1,0,0,0
01209.jpg,1,1,1,0,0,0
01210.jpg,1,1,1,0,0,0
01211.jpg,1,1,1,0,0,0
01212.jpg,1,1,1,0,0,0
01213.jpg,1,1,1,0,0,0
01214.jpg,1,1,1,0,0,0
01215.jpg,1,1,1,0,0,0
01216.jpg,1,1,1,0,0,0
01217.jpg,1,1,1,0,0,0
01218.jpg,1,1,1,0,0,0
02200.jpg,1,1,1,0,0,0
00005.jpg,1,1,1,0,0,0
01221.jpg,1,1,1,0,0,0
01222.jpg,1,1,1,0,0,0
01223.jpg,1,1,1,0,0,0
01224.jpg,1,1,1,0,0,0
01225.jpg,1,1,1,0,0,0
02171.jpg,1,1,1,0,0,0
01227.jpg,2,2,2,0,0,0
01228.jpg,2,2,2,0,0,0
01229.jpg,1,1,1,0,0,0
01230.jpg,1,1,1,0,0,0
01231.jpg,1,1,1,0,0,0
01232.jpg,2,2,2,0,0,0
01233.jpg,2,2,2,0,0,0
01234.jpg,2,2,2,0,0,0
01235.jpg,1,1,1,0,0,0
01236.jpg,2,2,2,0,0,0
01237.jpg,2,2,2,0,0,0
01238.jpg,2,2,2,0,0,0
02172.jpg,1,1,1,0,0,0
01240.jpg,1,1,1,0,0,0
01241.jpg,1,1,1,0,0,0
01242.jpg,1,1,1,0,0,0
01243.jpg,1,1,1,0,0,0
01244.jpg,1,1,1,0,0,0
01245.jpg,1,1,1,0,0,0
01246.jpg,1,1,1,0,0,0
01247.jpg,1,1,1,0,0,0
01248.jpg,1,1,1,0,0,0
02173.jpg,1,1,1,0,0,0
01250.jpg,1,1,1,0,0,0
01251.jpg,1,1,1,0,0,0
01252.jpg,1,1,1,0,0,0
01253.jpg,1,1,1,0,0,0
01254.jpg,1,1,1,0,0,0
01255.jpg,1,1,1,0,0,0
01256.jpg,1,1,1,0,0,0
01257.jpg,1,1,1,0,0,0
01258.jpg,1,1,1,0,0,0
01259.jpg,1,1,1,0,0,0
01260.jpg,1,1,1,0,0,0
01261.jpg,1,1,1,0,0,0
01262.jpg,1,1,1,0,0,0
01263.jpg,1,1,1,0,0,0
01264.jpg,1,1,1,0,0,0
01265.jpg,1,1,1,0,0,0
01266.jpg,1,1,1,0,0,0
01267.jpg,1,1,1,0,0,0
01268.jpg,1,1,1,0,0,0
01269.jpg,1,1,1,0,0,0
01270.jpg,1,1,1,0,0,0
01271.jpg,1,1,1,0,0,0
01272.jpg,1,1,1,0,0,0
01273.jpg,1,1,1,0,0,0
02174.jpg,1,1,1,0,0,0
02175.jpg,1,1,1,0,0,0
01276.jpg,1,1,1,0,0,0
01277.jpg,1,1,1,0,0,0
01278.jpg,1,1,1,0,0,0
01279.jpg,1,1,1,0,0,0
01280.jpg,1,1,1,0,0,0
01281.jpg,1,1,1,0,0,0
01282.jpg,1,1,1,0,0,0
01283.jpg,1,1,1,0,0,0
01284.jpg,1,1,1,0,0,0
01285.jpg,1,1,1,0,0,0
01286.jpg,1,1,1,0,0,0
01287.jpg,1,1,1,0,0,0
01288.jpg,1,1,1,0,0,0
01289.jpg,1,1,1,0,0,0
01290.jpg,1,1,1,0,0,0
01291.jpg,1,1,1,0,0,0
01292.jpg,1,1,1,0,0,0
01293.jpg,1,1,1,0,0,0
02176.jpg,1,1,1,0,0,0
01295.jpg,1,1,1,0,0,0
02177.jpg,1,1,1,0,0,0
01297.jpg,1,1,1,0,0,0
01298.jpg,1,1,1,0,0,0
01299.jpg,1,1,1,0,0,0
01300.jpg,1,1,1,0,0,0
01301.jpg,1,1,1,0,0,0
01302.jpg,1,1,1,0,0,0
01303.jpg,1,1,1,0,0,0
01304.jpg,1,1,1,0,0,0
01305.jpg,1,1,1,0,0,0
01306.jpg,1,1,1,0,0,0
01307.jpg,1,1,1,0,0,0
01308.jpg,1,1,1,0,0,0
01309.jpg,1,1,1,0,0,0
01310.jpg,1,1,1,0,0,0
01311.jpg,1,1,1,0,0,0
01312.jpg,1,1,1,0,0,0
01313.jpg,1,1,1,0,0,0
02178.jpg,1,1,1,0,0,0
02179.jpg,1,1,1,0,0,0
01316.jpg,1,1,1,0,0,0
01317.jpg,1,1,1,0,0,0
01318.jpg,1,1,1,0,0,0
01319.jpg,1,1,1,0,0,0
01320.jpg,1,1,1,0,0,0
01321.jpg,1,1,1,0,0,0
01322.jpg,1,1,1,0,0,0
01323.jpg,1,1,1,0,0,0
01324.jpg,1,1,1,0,0,0
02180.jpg,1,1,1,0,0,0
01326.jpg,1,1,1,0,0,0
02181.jpg,1,1,1,0,0,0
01328.jpg,1,1,1,0,0,0
01329.jpg,1,1,1,0,0,0
01330.jpg,1,1,1,0,0,0
01331.jpg,1,1,1,0,0,0
01332.jpg,1,1,1,0,0,0
01333.jpg,1,1,1,0,0,0
01334.jpg,1,1,1,0,0,0
01335.jpg,1,1,1,0,0,0
01336.jpg,1,1,1,0,0,0
01337.jpg,1,1,1,0,0,0
01338.jpg,1,1,1,0,0,0
01339.jpg,1,1,1,0,0,0
01340.jpg,1,1,1,0,0,0
01341.jpg,1,1,1,0,0,0
01342.jpg,1,1,1,0,0,0
01343.jpg,1,1,1,0,0,0
01344.jpg,1,1,1,0,0,0
01345.jpg,1,1,1,0,0,0
01346.jpg,1,1,1,0,0,0
01347.jpg,1,1,1,0,0,0
01348.jpg,1,1,1,0,0,0
01349.jpg,1,1,1,0,0,0
01350.jpg,1,1,1,0,0,0
01351.jpg,1,1,1,0,0,0
01352.jpg,1,1,1,0,0,0
01353.jpg,1,1,1,0,0,0
01354.jpg,1,1,1,0,0,0
01355.jpg,1,1,1,0,0,0
01356.jpg,1,1,1,0,0,0
01357.jpg,1,1,1,0,0,0
01358.jpg,1,1,1,0,0,0
01359.jpg,1,1,1,0,0,0
01360.jpg,1,1,1,0,0,0
01361.jpg,1,1,1,0,0,0
01362.jpg,1,1,1,0,0,0
02182.jpg,1,1,1,0,0,0
02183.jpg,1,1,1,0,0,0
01365.jpg,1,1,1,0,0,0
01366.jpg,1,1,1,0,0,0
01367.jpg,1,1,1,0,0,0
01368.jpg,1,1,1,0,0,0
01369.jpg,1,1,1,0,0,0
01370.jpg,1,1,1,0,0,0
01371.jpg,1,1,1,0,0,0
01372.jpg,1,1,1,0,0,0
01373.jpg,1,1,1,0,0,0
01374.jpg,1,1,1,0,0,0
01375.jpg,1,1,1,0,0,0
01376.jpg,1,1,1,0,0,0
01377.jpg,1,1,1,0,0,0
01378.jpg,1,1,1,0,0,0
01379.jpg,1,1,1,0,0,0
01380.jpg,1,1,1,0,0,0
01381.jpg,1,1,1,0,0,0
01382.jpg,1,1,1,0,0,0
01383.jpg,1,1,1,0,0,0
01384.jpg,1,1,1,0,0,0
01385.jpg,1,1,1,0,0,0
01386.jpg,1,1,1,0,0,0
01387.jpg,1,1,1,0,0,0
01388.jpg,1,1,1,0,0,0
00002.jpg,1,1,1,0,0,0
01390.jpg,1,1,1,0,0,0
01391.jpg,1,1,1,0,0,0
01392.jpg,1,1,1,0,0,0
01393.jpg,1,1,1,0,0,0
01394.jpg,1,1,1,0,0,0
01395.jpg,1,1,1,0,0,0
01396.jpg,1,1,1,0,0,0
01397.jpg,1,1,1,0,0,0
01398.jpg,1,1,1,0,0,0
01399.jpg,1,1,1,0,0,0
01400.jpg,1,1,1,0,0,0
01401.jpg,1,1,1,0,0,0
01402.jpg,1,1,1,0,0,0
01403.jpg,1,1,1,0,0,0
01404.jpg,1,1,1,0,0,0
01405.jpg,1,1,1,0,0,0
01406.jpg,1,1,1,0,0,0
01407.jpg,1,1,1,0,0,0
01408.jpg,1,1,1,0,0,0
01409.jpg,1,1,1,0,0,0
01410.jpg,1,1,1,0,0,0
01411.jpg,1,1,1,0,0,0
01412.jpg,1,1,1,0,0,0
01413.jpg,1,1,1,0,0,0
01414.jpg,1,1,1,0,0,0
01415.jpg,1,1,1,0,0,0
01416.jpg,1,1,1,0,0,0
01417.jpg,1,1,1,0,0,0
01418.jpg,1,1,1,0,0,0
01419.jpg,1,1,1,0,0,0
01420.jpg,1,1,1,0,0,0
01421.jpg,1,1,1,0,0,0
01422.jpg,1,1,1,0,0,0
01423.jpg,1,1,1,0,0,0
01424.jpg,1,1,1,0,0,0
01425.jpg,1,1,1,0,0,0
00025.jpg,1,1,1,0,0,0
01427.jpg,1,1,1,0,0,0
01428.jpg,1,1,1,0,0,0
01429.jpg,1,1,1,0,0,0
01430.jpg,1,1,1,0,0,0
01431.jpg,1,1,1,0,0,0
01432.jpg,1,1,1,0,0,0
01433.jpg,1,1,1,0,0,0
01434.jpg,1,1,1,0,0,0
01435.jpg,1,1,1,0,0,0
01436.jpg,1,1,1,0,0,0
01437.jpg,1,1,1,0,0,0
01438.jpg,1,1,1,0,0,0
01439.jpg,1,1,1,0,0,0
01440.jpg,1,1,1,0,0,0
01441.jpg,1,1,1,0,0,0
01442.jpg,1,1,1,0,0,0
01443.jpg,1,1,1,0,0,0
01444.jpg,1,1,1,0,0,0
01445.jpg,1,1,1,0,0,0
01446.jpg,1,1,1,0,0,0
01447.jpg,1,1,1,0,0,0
01448.jpg,1,1,1,0,0,0
01449.jpg,1,1,1,0,0,0
01450.jpg,1,1,1,0,0,0
01451.jpg,1,1,1,0,0,0
01452.jpg,1,1,1,0,0,0
01453.jpg,1,1,1,0,0,0
01454.jpg,1,1,1,0,0,0
01455.jpg,1,1,1,0,0,0
01456.jpg,1,1,1,0,0,0
01457.jpg,1,1,1,0,0,0
01458.jpg,1,1,1,0,0,0
01459.jpg,1,1,1,0,0,0
01460.jpg,1,1,1,0,0,0
01461.jpg,1,1,1,0,0,0
01462.jpg,1,1,1,0,0,0
01463.jpg,1,1,1,0,0,0
01464.jpg,1,1,1,0,0,0
01465.jpg,1,1,1,0,0,0
01466.jpg,1,1,1,0,0,0
01467.jpg,1,1,1,0,0,0
01468.jpg,1,1,1,0,0,0
01469.jpg,1,1,1,0,0,0
01470.jpg,1,1,1,0,0,0
01471.jpg,1,1,1,0,0,0
01472.jpg,1,1,1,0,0,0
01473.jpg,1,1,1,0,0,0
01474.jpg,1,1,1,0,0,0
01475.jpg,1,1,1,0,0,0
01476.jpg,1,1,1,0,0,0
01477.jpg,1,1,1,0,0,0
01478.jpg,1,1,1,0,0,0
01479.jpg,1,1,1,0,0,0
01480.jpg,1,1,1,0,0,0
01481.jpg,1,1,1,0,0,0
01482.jpg,1,1,1,0,0,0
01483.jpg,1,1,1,0,0,0
01484.jpg,1,1,1,0,0,0
01485.jpg,1,1,1,0,0,0
01486.jpg,1,1,1,0,0,0
01487.jpg,1,1,1,0,0,0
01488.jpg,1,1,1,0,0,0
01489.jpg,1,1,1,0,0,0
01490.jpg,1,1,1,0,0,0
01491.jpg,1,1,1,0,0,0
01492.jpg,1,1,1,0,0,0
01493.jpg,1,1,1,0,0,0
01494.jpg,1,1,1,0,0,0
01495.jpg,1,1,1,0,0,0
01496.jpg,1,1,1,0,0,0
01497.jpg,1,1,1,0,0,0
01498.jpg,1,1,1,0,0,0
01499.jpg,1,1,1,0,0,0
01500.jpg,1,1,1,0,0,0
01501.jpg,1,1,1,0,0,0
01502.jpg,1,1,1,0,0,0
01503.jpg,1,1,1,0,0,0
01504.jpg,1,1,1,0,0,0
01505.jpg,1,1,1,0,0,0
01506.jpg,1,1,1,0,0,0
01507.jpg,1,1,1,0,0,0
01508.jpg,1,1,1,0,0,0
01509.jpg,1,1,1,0,0,0
01510.jpg,1,1,1,0,0,0
01511.jpg,1,1,1,0,0,0
01512.jpg,1,1,1,0,0,0
01513.jpg,1,1,1,0,0,0
01514.jpg,1,1,1,0,0,0
01515.jpg,1,1,1,0,0,0
01516.jpg,1,1,1,0,0,0
01517.jpg,1,1,1,0,0,0
01518.jpg,1,1,1,0,0,0
01519.jpg,1,1,1,0,0,0
01520.jpg,1,1,1,0,0,0
01521.jpg,1,1,1,0,0,0
01522.jpg,1,1,1,0,0,0
01523.jpg,1,1,1,0,0,0
01524.jpg,1,1,1,0,0,0
01525.jpg,1,1,1,0,0,0
00026.jpg,1,1,1,0,0,0
01527.jpg,1,1,1,0,0,0
01528.jpg,1,1,1,0,0,0
01529.jpg,1,1,1,0,0,0
01530.jpg,1,1,1,0,0,0
01531.jpg,1,1,1,0,0,0
01532.jpg,1,1,1,0,0,0
01533.jpg,1,1,1,0,0,0
01534.jpg,1,1,1,0,0,0
01535.jpg,1,1,1,0,0,0
01536.jpg,1,1,1,0,0,0
01537.jpg,1,1,1,0,0,0
01538.jpg,1,1,1,0,0,0
01539.jpg,1,1,1,0,0,0
01540.jpg,1,1,1,0,0,0
00027.jpg,1,1,1,0,0,0
01542.jpg,1,1,1,0,0,0
01543.jpg,1,1,1,0,0,0
01544.jpg,1,1,1,0,0,0
01545.jpg,1,1,1,0,0,0
01546.jpg,1,1,1,0,0,0
01547.jpg,1,1,1,0,0,0
01548.jpg,1,1,1,0,0,0
01549.jpg,1,1,1,0,0,0
01550.jpg,1,1,1,0,0,0
01551.jpg,1,1,1,0,0,0
01552.jpg,1,1,1,0,0,0
01553.jpg,1,1,1,0,0,0
01554.jpg,1,1,1,0,0,0
01555.jpg,1,1,1,0,0,0
01556.jpg,1,1,1,0,0,0
01557.jpg,1,1,1,0,0,0
01558.jpg,1,1,1,0,0,0
01559.jpg,1,1,1,0,0,0
01560.jpg,1,1,1,0,0,0
01561.jpg,1,1,1,0,0,0
01562.jpg,1,1,1,0,0,0
01563.jpg,1,1,1,0,0,0
01564.jpg,1,1,1,0,0,0
01565.jpg,1,1,1,0,0,0
01566.jpg,1,1,1,0,0,0
01567.jpg,1,1,1,0,0,0
01568.jpg,1,1,1,0,0,0
01569.jpg,1,1,1,0,0,0
01570.jpg,1,1,1,0,0,0
01571.jpg,1,1,1,0,0,0
01572.jpg,1,1,1,0,0,0
01573.jpg,1,1,1,0,0,0
01574.jpg,1,1,1,0,0,0
01575.jpg,1,1,1,0,0,0
01576.jpg,1,1,1,0,0,0
01577.jpg,1,1,1,0,0,0
01578.jpg,1,1,1,0,0,0
01579.jpg,1,1,1,0,0,0
01580.jpg,1,1,1,0,0,0
01581.jpg,1,1,1,0,0,0
01582.jpg,1,1,1,0,0,0
01583.jpg,1,1,1,0,0,0
01584.jpg,1,1,1,0,0,0
01585.jpg,1,1,1,0,0,0
01586.jpg,1,1,1,0,0,0
01587.jpg,1,1,1,0,0,0
01588.jpg,1,1,1,0,0,0
01589.jpg,1,1,1,0,0,0
01590.jpg,1,1,1,0,0,0
01591.jpg,1,1,1,0,0,0
00028.jpg,1,1,1,0,0,0
01593.jpg,1,1,1,0,0,0
01594.jpg,1,1,1,0,0,0
01595.jpg,1,1,1,0,0,0
01596.jpg,1,1,1,0,0,0
01597.jpg,1,1,1,0,0,0
01598.jpg,1,1,1,0,0,0
01599.jpg,1,1,1,0,0,0
01600.jpg,1,1,1,0,0,0
01601.jpg,1,1,1,0,0,0
01602.jpg,1,1,1,0,0,0
01603.jpg,1,1,1,0,0,0
01604.jpg,1,1,1,0,0,0
01605.jpg,1,1,1,0,0,0
01606.jpg,1,1,1,0,0,0
01607.jpg,1,1,1,0,0,0
01608.jpg,1,1,1,0,0,0
01609.jpg,1,1,1,0,0,0
01610.jpg,1,1,1,0,0,0
01611.jpg,1,1,1,0,0,0
01612.jpg,1,1,1,0,0,0
00029.jpg,1,1,1,0,0,0
01614.jpg,1,1,1,0,0,0
00030.jpg,1,1,1,0,0,0
01616.jpg,1,1,1,0,0,0
01617.jpg,1,1,1,0,0,0
01618.jpg,1,1,1,0,0,0
01619.jpg,1,1,1,0,0,0
01620.jpg,1,1,1,0,0,0
01621.jpg,1,1,1,0,0,0
01622.jpg,1,1,1,0,0,0
01623.jpg,1,1,1,0,0,0
01624.jpg,1,1,1,0,0,0
01625.jpg,1,1,1,0,0,0
01626.jpg,1,1,1,0,0,0
01627.jpg,1,1,1,0,0,0
01628.jpg,1,1,1,0,0,0
01629.jpg,1,1,1,0,0,0
01630.jpg,1,1,1,0,0,0
01631.jpg,1,1,1,0,0,0
01632.jpg,1,1,1,0,0,0
01633.jpg,1,1,1,0,0,0
01634.jpg,1,1,1,0,0,0
01635.jpg,1,1,1,0,0,0
01636.jpg,1,1,1,0,0,0
01637.jpg,1,1,1,0,0,0
01638.jpg,1,1,1,0,0,0
01639.jpg,1,1,1,0,0,0
01640.jpg,1,1,1,0,0,0
01641.jpg,1,1,1,0,0,0
01642.jpg,1,1,1,0,0,0
01643.jpg,1,1,1,0,0,0
01644.jpg,1,1,1,0,0,0
01645.jpg,1,1,1,0,0,0
01646.jpg,1,1,1,0,0,0
01647.jpg,1,1,1,0,0,0
01648.jpg,1,1,1,0,0,0
01649.jpg,1,1,1,0,0,0
01650.jpg,1,1,1,0,0,0
01651.jpg,1,1,1,0,0,0
01652.jpg,1,1,1,0,0,0
01653.jpg,1,1,1,0,0,0
01654.jpg,1,1,1,0,0,0
01655.jpg,1,1,1,0,0,0
01656.jpg,1,1,1,0,0,0
01657.jpg,1,1,1,0,0,0
01658.jpg,1,1,1,0,0,0
01659.jpg,1,1,1,0,0,0
01660.jpg,1,1,1,0,0,0
01661.jpg,1,1,1,0,0,0
01662.jpg,1,1,1,0,0,0
01663.jpg,1,1,1,0,0,0
01664.jpg,1,1,1,0,0,0
01665.jpg,1,1,1,0,0,0
01666.jpg,1,1,1,0,0,0
01667.jpg,1,1,1,0,0,0
01668.jpg,1,1,1,0,0,0
01669.jpg,1,1,1,0,0,0
01670.jpg,1,1,1,0,0,0
01671.jpg,1,1,1,0,0,0
01672.jpg,1,1,1,0,0,0
01673.jpg,1,1,1,0,0,0
01674.jpg,1,1,1,0,0,0
01675.jpg,1,1,1,0,0,0
01676.jpg,1,1,1,0,0,0
01677.jpg,1,1,1,0,0,0
01678.jpg,1,1,1,0,0,0
01679.jpg,1,1,1,0,0,0
00031.jpg,1,1,1,0,0,0
01681.jpg,1,1,1,0,0,0
01682.jpg,1,1,1,0,0,0
00033.jpg,1,1,1,0,0,0
01684.jpg,1,1,1,0,0,0
01685.jpg,1,1,1,0,0,0
01686.jpg,1,1,1,0,0,0
01687.jpg,1,1,1,0,0,0
01688.jpg,1,1,1,0,0,0
01689.jpg,1,1,1,0,0,0
01690.jpg,1,1,1,0,0,0
01691.jpg,1,1,1,0,0,0
01692.jpg,1,1,1,0,0,0
01693.jpg,1,1,1,0,0,0
01694.jpg,1,1,1,0,0,0
01695.jpg,1,1,1,0,0,0
01696.jpg,1,1,1,0,0,0
01697.jpg,1,1,1,0,0,0
01698.jpg,1,1,1,0,0,0
01699.jpg,1,1,1,0,0,0
01700.jpg,1,1,1,0,0,0
01701.jpg,1,1,1,0,0,0
01702.jpg,1,1,1,0,0,0
01703.jpg,1,1,1,0,0,0
01704.jpg,1,1,1,0,0,0
01705.jpg,1,1,1,0,0,0
01706.jpg,1,1,1,0,0,0
01707.jpg,1,1,1,0,0,0
01708.jpg,1,1,1,0,0,0
01709.jpg,1,1,1,0,0,0
00034.jpg,1,1,1,0,0,0
01711.jpg,1,1,1,0,0,0
01712.jpg,1,1,1,0,0,0
01713.jpg,1,1,1,0,0,0
01714.jpg,1,1,1,0,0,0
01715.jpg,1,1,1,0,0,0
01716.jpg,1,1,1,0,0,0
01717.jpg,1,1,1,0,0,0
01718.jpg,1,1,1,0,0,0
01719.jpg,1,1,1,0,0,0
01720.jpg,1,1,1,0,0,0
01721.jpg,1,1,1,0,0,0
01722.jpg,1,1,1,0,0,0
01723.jpg,1,1,1,0,0,0
01724.jpg,1,1,1,0,0,0
01725.jpg,1,1,1,0,0,0
01726.jpg,1,1,1,0,0,0
01727.jpg,1,1,1,0,0,0
01728.jpg,1,1,1,0,0,0
01729.jpg,1,1,1,0,0,0
01730.jpg,1,1,1,0,0,0
01731.jpg,1,1,1,0,0,0
01732.jpg,1,1,1,0,0,0
01733.jpg,1,1,1,0,0,0
01734.jpg,1,1,1,0,0,0
01735.jpg,1,1,1,0,0,0
01736.jpg,1,1,1,0,0,0
01737.jpg,1,1,1,0,0,0
01738.jpg,1,1,1,0,0,0
01739.jpg,1,1,1,0,0,0
01740.jpg,1,1,1,0,0,0
01741.jpg,1,1,1,0,0,0
01742.jpg,1,1,1,0,0,0
01743.jpg,1,1,1,0,0,0
01744.jpg,1,1,1,0,0,0
01745.jpg,1,1,1,0,0,0
01746.jpg,1,1,1,0,0,0
01747.jpg,1,1,1,0,0,0
01748.jpg,1,1,1,0,0,0
01749.jpg,1,1,1,0,0,0
01750.jpg,1,1,1,0,0,0
01751.jpg,1,1,1,0,0,0
01752.jpg,1,1,1,0,0,0
00035.jpg,1,1,1,0,0,0
01754.jpg,1,1,1,0,0,0
01755.jpg,1,1,1,0,0,0
00036.jpg,1,1,1,0,0,0
01757.jpg,1,1,1,0,0,0
01758.jpg,1,1,1,0,0,0
00037.jpg,1,1,1,0,0,0
01760.jpg,1,1,1,0,0,0
01761.jpg,1,1,1,0,0,0
01762.jpg,1,1,1,0,0,0
01763.jpg,1,1,1,0,0,0
01764.jpg,1,1,1,0,0,0
01765.jpg,1,1,1,0,0,0
01766.jpg,1,1,1,0,0,0
01767.jpg,1,1,1,0,0,0
01768.jpg,1,1,1,0,0,0
01769.jpg,1,1,1,0,0,0
01770.jpg,1,1,1,0,0,0
01771.jpg,1,1,1,0,0,0
01772.jpg,1,1,1,0,0,0
01773.jpg,1,1,1,0,0,0
00038.jpg,1,1,1,0,0,0
01775.jpg,1,1,1,0,0,0
01776.jpg,1,1,1,0,0,0
01777.jpg,1,1,1,0,0,0
01778.jpg,1,1,1,0,0,0
01779.jpg,1,1,1,0,0,0
01780.jpg,1,1,1,0,0,0
01781.jpg,1,1,1,0,0,0
01782.jpg,1,1,1,0,0,0
01783.jpg,1,1,1,0,0,0
01784.jpg,1,1,1,0,0,0
01785.jpg,1,1,1,0,0,0
01786.jpg,1,1,1,0,0,0
01787.jpg,1,1,1,0,0,0
01788.jpg,1,1,1,0,0,0
01789.jpg,1,1,1,0,0,0
01790.jpg,1,1,1,0,0,0
01791.jpg,1,1,1,0,0,0
01792.jpg,1,1,1,0,0,0
01793.jpg,1,1,1,0,0,0
01794.jpg,1,1,1,0,0,0
01795.jpg,1,1,1,0,0,0
01796.jpg,1,1,1,0,0,0
01797.jpg,1,1,1,0,0,0
01798.jpg,1,1,1,0,0,0
01799.jpg,1,1,1,0,0,0
01800.jpg,1,1,1,0,0,0
01801.jpg,1,1,1,0,0,0
01802.jpg,1,1,1,0,0,0
01803.jpg,1,1,1,0,0,0
01804.jpg,1,1,1,0,0,0
01805.jpg,1,1,1,0,0,0
01806.jpg,1,1,1,0,0,0
01807.jpg,1,1,1,0,0,0
01808.jpg,1,1,1,0,0,0
01809.jpg,1,1,1,0,0,0
01810.jpg,1,1,1,0,0,0
01811.jpg,1,1,1,0,0,0
01812.jpg,1,1,1,0,0,0
01813.jpg,1,1,1,0,0,0
01814.jpg,1,1,1,0,0,0
01815.jpg,1,1,1,0,0,0
01816.jpg,1,1,1,0,0,0
01817.jpg,1,1,1,0,0,0
01818.jpg,1,1,1,0,0,0
01819.jpg,1,1,1,0,0,0
01820.jpg,1,1,1,0,0,0
01821.jpg,1,1,1,0,0,0
01822.jpg,1,1,1,0,0,0
00039.jpg,1,1,1,0,0,0
01824.jpg,1,1,1,0,0,0
01825.jpg,1,1,1,0,0,0
01826.jpg,1,1,1,0,0,0
01827.jpg,1,1,1,0,0,0
01828.jpg,1,1,1,0,0,0
01829.jpg,1,1,1,0,0,0
01830.jpg,1,1,1,0,0,0
01831.jpg,1,1,1,0,0,0
01832.jpg,1,1,1,0,0,0
00040.jpg,1,1,1,0,0,0
01834.jpg,1,1,1,0,0,0
01835.jpg,1,1,1,0,0,0
01836.jpg,1,1,1,0,0,0
01837.jpg,1,1,1,0,0,0
01838.jpg,1,1,1,0,0,0
01839.jpg,1,1,1,0,0,0
01840.jpg,1,1,1,0,0,0
01841.jpg,1,1,1,0,0,0
01842.jpg,1,1,1,0,0,0
01843.jpg,1,1,1,0,0,0
01844.jpg,1,1,1,0,0,0
01845.jpg,1,1,1,0,0,0
01846.jpg,1,1,1,0,0,0
01847.jpg,1,1,1,0,0,0
01848.jpg,1,1,1,0,0,0
01849.jpg,1,1,1,0,0,0
01850.jpg,1,1,1,0,0,0
01851.jpg,1,1,1,0,0,0
01852.jpg,1,1,1,0,0,0
01853.jpg,1,1,1,0,0,0
01854.jpg,1,1,1,0,0,0
01855.jpg,1,1,1,0,0,0
01856.jpg,1,1,1,0,0,0
01857.jpg,1,1,1,0,0,0
01858.jpg,1,1,1,0,0,0
01859.jpg,1,1,1,0,0,0
01860.jpg,1,1,1,0,0,0
01861.jpg,1,1,1,0,0,0
01862.jpg,1,1,1,0,0,0
01863.jpg,1,1,1,0,0,0
01864.jpg,1,1,1,0,0,0
01865.jpg,1,1,1,0,0,0
01866.jpg,1,1,1,0,0,0
01867.jpg,1,1,1,0,0,0
01868.jpg,1,1,1,0,0,0
01869.jpg,1,1,1,0,0,0
01870.jpg,1,1,1,0,0,0
00041.jpg,1,1,1,0,0,0
01872.jpg,1,1,1,0,0,0
01873.jpg,1,1,1,0,0,0
01874.jpg,1,1,1,0,0,0
01875.jpg,1,1,1,0,0,0
01876.jpg,1,1,1,0,0,0
01877.jpg,1,1,1,0,0,0
01878.jpg,1,1,1,0,0,0
01879.jpg,1,1,1,0,0,0
01880.jpg,1,1,1,0,0,0
01881.jpg,1,1,1,0,0,0
01882.jpg,1,1,1,0,0,0
01883.jpg,1,1,1,0,0,0
01884.jpg,1,1,1,0,0,0
01885.jpg,1,1,1,0,0,0
01886.jpg,1,1,1,0,0,0
01887.jpg,1,1,1,0,0,0
01888.jpg,1,1,1,0,0,0
01889.jpg,1,1,1,0,0,0
01890.jpg,1,1,1,0,0,0
01891.jpg,1,1,1,0,0,0
01892.jpg,1,1,1,0,0,0
01893.jpg,1,1,1,0,0,0
01894.jpg,1,1,1,0,0,0
01895.jpg,1,1,1,0,0,0
01896.jpg,1,1,1,0,0,0
01897.jpg,1,1,1,0,0,0
01898.jpg,1,1,1,0,0,0
01899.jpg,1,1,1,0,0,0
00042.jpg,1,1,1,0,0,0
01901.jpg,1,1,1,0,0,0
01902.jpg,1,1,1,0,0,0
01903.jpg,1,1,1,0,0,0
01904.jpg,1,1,1,0,0,0
01905.jpg,1,1,1,0,0,0
01906.jpg,1,1,1,0,0,0
01907.jpg,1,1,1,0,0,0
00044.jpg,1,1,1,0,0,0
01909.jpg,1,1,1,0,0,0
01910.jpg,1,1,1,0,0,0
00045.jpg,2,2,2,0,0,0
01912.jpg,1,1,1,0,0,0
01913.jpg,1,1,1,0,0,0
01914.jpg,1,1,1,0,0,0
01915.jpg,1,1,1,0,0,0
01916.jpg,1,1,1,0,0,0
01917.jpg,1,1,1,0,0,0
01918.jpg,1,1,1,0,0,0
01919.jpg,1,1,1,0,0,0
01920.jpg,1,1,1,0,0,0
01921.jpg,1,1,1,0,0,0
01922.jpg,1,1,1,0,0,0
01923.jpg,1,1,1,0,0,0
01924.jpg,1,1,1,0,0,0
01925.jpg,1,1,1,0,0,0
01926.jpg,1,1,1,0,0,0
01927.jpg,1,1,1,0,0,0
01928.jpg,1,1,1,0,0,0
01929.jpg,1,1,1,0,0,0
01930.jpg,1,1,1,0,0,0
01931.jpg,1,1,1,0,0,0
01932.jpg,1,1,1,0,0,0
01933.jpg,1,1,1,0,0,0
01934.jpg,1,1,1,0,0,0
01935.jpg,1,1,1,0,0,0
00046.jpg,1,1,1,0,0,0
01937.jpg,1,1,1,0,0,0
01938.jpg,1,1,1,0,0,0
01939.jpg,1,1,1,0,0,0
01940.jpg,1,1,1,0,0,0
01941.jpg,1,1,1,0,0,0
01942.jpg,1,1,1,0,0,0
01943.jpg,1,1,1,0,0,0
01944.jpg,1,1,1,0,0,0
01945.jpg,1,1,1,0,0,0
01946.jpg,1,1,1,0,0,0
01947.jpg,1,1,1,0,0,0
01948.jpg,1,1,1,0,0,0
01949.jpg,1,1,1,0,0,0
01950.jpg,1,1,1,0,0,0
01951.jpg,1,1,1,0,0,0
00047.jpg,1,1,1,0,0,0
01953.jpg,1,1,1,0,0,0
01954.jpg,1,1,1,0,0,0
01955.jpg,1,1,1,0,0,0
01956.jpg,1,1,1,0,0,0
01957.jpg,1,1,1,0,0,0
01958.jpg,1,1,1,0,0,0
01959.jpg,1,1,1,0,0,0
01960.jpg,1,1,1,0,0,0
01961.jpg,1,1,1,0,0,0
01962.jpg,1,1,1,0,0,0
01963.jpg,1,1,1,0,0,0
01964.jpg,1,1,1,0,0,0
01965.jpg,1,1,1,0,0,0
01966.jpg,1,1,1,0,0,0
01967.jpg,1,1,1,0,0,0
01968.jpg,1,1,1,0,0,0
01969.jpg,1,1,1,0,0,0
01970.jpg,1,1,1,0,0,0
01971.jpg,1,1,1,0,0,0
01972.jpg,1,1,1,0,0,0
01973.jpg,1,1,1,0,0,0
01974.jpg,1,1,1,0,0,0
01975.jpg,1,1,1,0,0,0
01976.jpg,1,1,1,0,0,0
01977.jpg,1,1,1,0,0,0
01978.jpg,1,1,1,0,0,0
01979.jpg,1,1,1,0,0,0
01980.jpg,1,1,1,0,0,0
01981.jpg,1,1,1,0,0,0
01982.jpg,1,1,1,0,0,0
01983.jpg,1,1,1,0,0,0
01984.jpg,1,1,1,0,0,0
01985.jpg,1,1,1,0,0,0
01986.jpg,1,1,1,0,0,0
01987.jpg,1,1,1,0,0,0
01988.jpg,1,1,1,0,0,0
01989.jpg,1,1,1,0,0,0
01990.jpg,1,1,1,0,0,0
01991.jpg,1,1,1,0,0,0
01992.jpg,1,1,1,0,0,0
01993.jpg,1,1,1,0,0,0
01994.jpg,1,1,1,0,0,0
01995.jpg,1,1,1,0,0,0
01996.jpg,1,1,1,0,0,0
01997.jpg,1,1,1,0,0,0
01998.jpg,1,1,1,0,0,0
01999.jpg,1,1,1,0,0,0
02000.jpg,1,1,1,0,0,0
02001.jpg,1,1,1,0,0,0
02002.jpg,1,1,1,0,0,0
02003.jpg,1,1,1,0,0,0
02004.jpg,1,1,1,0,0,0
02005.jpg,1,1,1,0,0,0
02006.jpg,1,1,1,0,0,0
02007.jpg,1,1,1,0,0,0
02008.jpg,1,1,1,0,0,0
02009.jpg,1,1,1,0,0,0
02010.jpg,1,1,1,0,0,0
02011.jpg,1,1,1,0,0,0
02012.jpg,1,1,1,0,0,0
02013.jpg,1,1,1,0,0,0
02014.jpg,1,1,1,0,0,0
00049.jpg,1,1,1,0,0,0
02016.jpg,1,1,1,0,0,0
02017.jpg,1,1,1,0,0,0
02018.jpg,1,1,1,0,0,0
02019.jpg,1,1,1,0,0,0
02020.jpg,1,1,1,0,0,0
02021.jpg,1,1,1,0,0,0
02022.jpg,1,1,1,0,0,0
02023.jpg,1,1,1,0,0,0
02024.jpg,1,1,1,0,0,0
02025.jpg,1,1,1,0,0,0
02026.jpg,1,1,1,0,0,0
02027.jpg,1,1,1,0,0,0
02028.jpg,1,1,1,0,0,0
02029.jpg,1,1,1,0,0,0
02030.jpg,1,1,1,0,0,0
02031.jpg,1,1,1,0,0,0
02032.jpg,1,1,1,0,0,0
02033.jpg,1,1,1,0,0,0
02034.jpg,1,1,1,0,0,0
02035.jpg,1,1,1,0,0,0
02036.jpg,1,1,1,0,0,0
02037.jpg,1,1,1,0,0,0
02038.jpg,1,1,1,0,0,0
02039.jpg,1,1,1,0,0,0
02040.jpg,1,1,1,0,0,0
02041.jpg,1,1,1,0,0,0
02042.jpg,1,1,1,0,0,0
02043.jpg,1,1,1,0,0,0
02044.jpg,1,1,1,0,0,0
02045.jpg,1,1,1,0,0,0
02046.jpg,1,1,1,0,0,0
02047.jpg,1,1,1,0,0,0
00052.jpg,1,1,1,0,0,0
02049.jpg,1,1,1,0,0,0
02050.jpg,1,1,1,0,0,0
02051.jpg,1,1,1,0,0,0
02052.jpg,1,1,1,0,0,0
02053.jpg,1,1,1,0,0,0
02054.jpg,1,1,1,0,0,0
02055.jpg,1,1,1,0,0,0
02056.jpg,1,1,1,0,0,0
02057.jpg,1,1,1,0,0,0
02058.jpg,1,1,1,0,0,0
02059.jpg,1,1,1,0,0,0
02060.jpg,1,1,1,0,0,0
02061.jpg,1,1,1,0,0,0
02062.jpg,1,1,1,0,0,0
02063.jpg,1,1,1,0,0,0
02064.jpg,1,1,1,0,0,0
02065.jpg,1,1,1,0,0,0
02066.jpg,1,1,1,0,0,0
02067.jpg,1,1,1,0,0,0
02068.jpg,1,1,1,0,0,0
02069.jpg,1,1,1,0,0,0
02070.jpg,1,1,1,0,0,0
02071.jpg,1,1,1,0,0,0
02072.jpg,1,1,1,0,0,0
02073.jpg,1,1,1,0,0,0
02074.jpg,1,1,1,0,0,0
02075.jpg,1,1,1,0,0,0
02076.jpg,1,1,1,0,0,0
00053.jpg,1,1,1,0,0,0
02078.jpg,1,1,1,0,0,0
02079.jpg,1,1,1,0,0,0
02080.jpg,1,1,1,0,0,0
02081.jpg,1,1,1,0,0,0
02082.jpg,1,1,1,0,0,0
02083.jpg,1,1,1,0,0,0
02084.jpg,1,1,1,0,0,0
02085.jpg,1,1,1,0,0,0
02086.jpg,1,1,1,0,0,0
02087.jpg,1,1,1,0,0,0
02088.jpg,1,1,1,0,0,0
02089.jpg,1,1,1,0,0,0
02090.jpg,1,1,1,0,0,0
02091.jpg,1,1,1,0,0,0
02092.jpg,1,1,1,0,0,0
02093.jpg,1,1,1,0,0,0
02094.jpg,1,1,1,0,0,0
02095.jpg,1,1,1,0,0,0
02096.jpg,1,1,1,0,0,0
02097.jpg,1,1,1,0,0,0
02098.jpg,1,1,1,0,0,0
02099.jpg,1,1,1,0,0,0
02100.jpg,1,1,1,0,0,0
02101.jpg,1,1,1,0,0,0
02102.jpg,1,1,1,0,0,0
02103.jpg,1,1,1,0,0,0
02104.jpg,1,1,1,0,0,0
02105.jpg,1,1,1,0,0,0
02106.jpg,1,1,1,0,0,0
02107.jpg,1,1,1,0,0,0
02108.jpg,1,1,1,0,0,0
02109.jpg,1,1,1,0,0,0
02110.jpg,1,1,1,0,0,0
02111.jpg,1,1,1,0,0,0
02112.jpg,1,1,1,0,0,0
00054.jpg,1,1,1,0,0,0
02114.jpg,1,1,1,0,0,0
02115.jpg,1,1,1,0,0,0
02116.jpg,1,1,1,0,0,0
02117.jpg,1,1,1,0,0,0
02118.jpg,1,1,1,0,0,0
02119.jpg,1,1,1,0,0,0
02120.jpg,1,1,1,0,0,0
02121.jpg,1,1,1,0,0,0
02122.jpg,1,1,1,0,0,0
00056.jpg,1,1,1,0,0,0
02124.jpg,1,1,1,0,0,0
02125.jpg,1,1,1,0,0,0
02126.jpg,1,1,1,0,0,0
02127.jpg,1,1,1,0,0,0
02128.jpg,1,1,1,0,0,0
02129.jpg,1,1,1,0,0,0
02130.jpg,1,1,1,0,0,0
02131.jpg,1,1,1,0,0,0
02132.jpg,1,1,1,0,0,0
02133.jpg,1,1,1,0,0,0
02134.jpg,1,1,1,0,0,0
02135.jpg,1,1,1,0,0,0
02136.jpg,1,1,1,0,0,0
02137.jpg,1,1,1,0,0,0
02138.jpg,1,1,1,0,0,0
02139.jpg,1,1,1,0,0,0
02140.jpg,1,1,1,0,0,0
02141.jpg,1,1,1,0,0,0
02142.jpg,1,1,1,0,0,0
02143.jpg,1,1,1,0,0,0
02144.jpg,1,1,1,0,0,0
02145.jpg,1,1,1,0,0,0
02146.jpg,1,1,1,0,0,0
02147.jpg,1,1,1,0,0,0
02148.jpg,1,1,1,0,0,0
02149.jpg,1,1,1,0,0,0
02150.jpg,1,1,1,0,0,0
02151.jpg,1,1,1,0,0,0
02152.jpg,1,1,1,0,0,0
02153.jpg,1,1,1,0,0,0
02154.jpg,1,1,1,0,0,0
02155.jpg,1,1,1,0,0,0
00057.jpg,1,1,1,0,0,0
02157.jpg,1,1,1,0,0,0
02158.jpg,1,1,1,0,0,0
02159.jpg,1,1,1,0,0,0
02160.jpg,1,1,1,0,0,0
02161.jpg,1,1,1,0,0,0
02162.jpg,1,1,1,0,0,0
02163.jpg,1,1,1,0,0,0
02164.jpg,1,1,1,0,0,0
02165.jpg,1,1,1,0,0,0
02166.jpg,1,1,1,0,0,0
02167.jpg,1,1,1,0,0,0
02168.jpg,1,1,1,0,0,0
00001.jpg,1,1,1,0,0,0
02186.jpg,1,1,1,0,0,0
02187.jpg,1,1,1,0,0,0
02188.jpg,1,1,1,0,0,0
02189.jpg,1,1,1,0,0,0
02190.jpg,1,1,1,0,0,0
02191.jpg,1,1,1,0,0,0
02192.jpg,1,1,1,0,0,0
02193.jpg,1,1,1,0,0,0
02194.jpg,1,1,1,0,0,0
02195.jpg,1,1,1,0,0,0
02196.jpg,1,1,1,0,0,0
02197.jpg,1,1,1,0,0,0
02198.jpg,1,1,1,0,0,0
02199.jpg,1,1,1,0,0,0
00004.jpg,1,1,1,0,0,0
00003.jpg,1,1,1,0,0,0
00010.jpg,1,1,1,0,0,0
00011.jpg,1,1,1,0,0,0
00012.jpg,1,1,1,0,0,0
00013.jpg,1,1,1,0,0,0
00014.jpg,1,1,1,0,0,0
00015.jpg,1,1,1,0,0,0
00016.jpg,1,1,1,0,0,0
00017.jpg,1,1,1,0,0,0
00018.jpg,1,1,1,0,0,0
00019.jpg,1,1,1,0,0,0
00020.jpg,1,1,1,0,0,0
00021.jpg,1,1,1,0,0,0
00022.jpg,1,1,1,0,0,0
00023.jpg,1,1,1,0,0,0
00006.jpg,1,1,1,0,0,0
