split,current_file,best_video,best_frame,best_distance,second_video,second_distance,margin
train,00001.jpg,video04,00099.jpg,83,video02,104,21
train,00018.jpg,video01,00409.jpg,101,video07,105,4
train,00035.jpg,video08,02196.jpg,103,video07,105,2
train,00053.jpg,video04,00160.jpg,88,video07,102,14
train,00070.jpg,video04,00188.jpg,101,video07,102,1
train,00087.jpg,video01,00437.jpg,94,video04,97,3
train,00105.jpg,video07,01531.jpg,99,video04,102,3
train,00122.jpg,video08,01902.jpg,82,video04,83,1
train,00140.jpg,video07,00899.jpg,99,video04,101,2
train,00157.jpg,video08,01176.jpg,97,video12,101,4
train,00174.jpg,video01,00226.jpg,96,video07,98,2
train,00192.jpg,video01,00345.jpg,96,video05,103,7
train,00209.jpg,video01,00289.jpg,92,video06,96,4
train,00226.jpg,video07,01747.jpg,103,video01,105,2
train,00244.jpg,video04,00201.jpg,83,video03,90,7
train,00262.jpg,video04,00124.jpg,100,video01,104,4
train,00280.jpg,video01,00085.jpg,97,video05,102,5
train,00297.jpg,video04,00160.jpg,101,video08,102,1
train,00314.jpg,video07,00832.jpg,97,video04,104,7
train,00332.jpg,video04,00309.jpg,80,video05,101,21
train,00349.jpg,video07,00999.jpg,100,video08,100,0
train,00367.jpg,video01,00247.jpg,95,video07,95,0
train,00384.jpg,video08,00944.jpg,100,video06,103,3
train,00401.jpg,video08,02305.jpg,95,video04,102,7
train,00419.jpg,video06,00173.jpg,105,video07,105,0
train,00436.jpg,video04,00220.jpg,81,video08,85,4
train,00453.jpg,video06,00107.jpg,103,video04,105,2
train,00471.jpg,video04,00046.jpg,99,video06,102,3
train,00488.jpg,video12,00419.jpg,95,video05,100,5
train,00506.jpg,video04,00174.jpg,104,video05,105,1
train,00523.jpg,video04,00042.jpg,105,video05,107,2
train,00540.jpg,video08,01145.jpg,98,video01,106,8
train,00558.jpg,video01,00888.jpg,104,video04,106,2
train,00575.jpg,video08,01732.jpg,88,video04,107,19
train,00593.jpg,video04,00258.jpg,77,video03,86,9
train,00610.jpg,video01,00289.jpg,99,video03,102,3
train,00627.jpg,video07,02463.jpg,100,video04,108,8
train,00645.jpg,video03,00035.jpg,98,video02,101,3
train,00662.jpg,video01,01021.jpg,99,video04,100,1
train,00680.jpg,video05,00239.jpg,93,video02,103,10
train,00697.jpg,video03,00014.jpg,90,video01,100,10
train,00714.jpg,video08,00186.jpg,99,video07,101,2
train,00732.jpg,video07,02097.jpg,97,video05,99,2
train,00749.jpg,video08,00743.jpg,101,video17,105,4
train,00766.jpg,video07,02280.jpg,103,video06,105,2
train,00784.jpg,video01,00423.jpg,100,video07,107,7
train,00801.jpg,video08,01160.jpg,95,video07,98,3
train,00819.jpg,video01,00317.jpg,102,video04,102,0
train,00836.jpg,video08,02042.jpg,99,video07,102,3
train,00853.jpg,video07,01747.jpg,104,video08,105,1
train,00871.jpg,video11,00651.jpg,2,video06,105,103
train,00888.jpg,video12,00309.jpg,0,video05,97,97
train,00905.jpg,video12,01435.jpg,8,video07,100,92
train,00923.jpg,video03,00023.jpg,99,video07,100,1
train,00940.jpg,video06,00114.jpg,103,video08,104,1
train,00958.jpg,video13,01516.jpg,11,video08,104,93
train,00975.jpg,video13,01696.jpg,10,video08,101,91
train,00992.jpg,video07,00500.jpg,103,video01,105,2
train,01010.jpg,video01,00127.jpg,104,video04,107,3
train,01027.jpg,video08,01469.jpg,103,video07,104,1
train,01045.jpg,video04,00167.jpg,84,video07,101,17
train,01062.jpg,video08,00975.jpg,95,video04,96,1
train,01079.jpg,video07,00267.jpg,100,video14,100,0
train,01097.jpg,video08,01609.jpg,104,video04,105,1
train,01114.jpg,video06,00086.jpg,100,video08,101,1
train,01132.jpg,video17,00361.jpg,99,video08,105,6
train,01149.jpg,video08,00557.jpg,104,video02,106,2
train,01166.jpg,video03,00061.jpg,102,video02,103,1
train,01184.jpg,video08,00418.jpg,96,video17,99,3
train,01201.jpg,video05,00079.jpg,102,video01,104,2
train,01218.jpg,video01,00472.jpg,97,video05,102,5
train,01236.jpg,video08,02150.jpg,94,video05,102,8
train,01253.jpg,video08,00124.jpg,103,video04,106,3
train,01271.jpg,video06,00134.jpg,103,video07,104,1
train,01288.jpg,video08,00248.jpg,93,video01,98,5
train,01305.jpg,video01,00360.jpg,104,video06,105,1
train,01323.jpg,video08,01191.jpg,100,video07,102,2
train,01340.jpg,video01,00423.jpg,94,video11,105,11
train,01358.jpg,video01,00479.jpg,99,video06,105,6
train,01375.jpg,video08,00836.jpg,94,video18,96,2
train,01392.jpg,video04,00110.jpg,94,video08,95,1
train,01410.jpg,video07,01481.jpg,102,video08,102,0
train,01427.jpg,video01,01050.jpg,95,video05,95,0
train,01444.jpg,video05,00425.jpg,93,video01,99,6
train,01462.jpg,video08,01531.jpg,105,video16,106,1
train,01479.jpg,video08,01531.jpg,103,video16,106,3
train,01497.jpg,video08,01531.jpg,101,video16,102,1
train,01514.jpg,video07,00100.jpg,96,video01,100,4
train,01531.jpg,video07,01448.jpg,95,video08,100,5
train,01549.jpg,video08,00480.jpg,106,video17,106,0
train,01566.jpg,video01,00550.jpg,95,video08,102,7
train,01583.jpg,video08,01067.jpg,101,video07,104,3
train,01601.jpg,video07,00766.jpg,100,video01,105,5
train,01618.jpg,video08,01872.jpg,99,video20,99,0
train,01636.jpg,video08,01500.jpg,107,video10,108,1
train,01653.jpg,video08,01500.jpg,105,video01,107,2
train,01670.jpg,video05,00049.jpg,100,video07,105,5
train,01688.jpg,video05,00299.jpg,98,video07,102,4
train,01705.jpg,video08,02088.jpg,96,video01,100,4
train,01723.jpg,video12,01245.jpg,99,video07,101,2
train,01740.jpg,video01,00381.jpg,99,video08,109,10
train,01757.jpg,video01,00310.jpg,100,video08,102,2
train,01775.jpg,video08,02073.jpg,91,video10,101,10
train,01792.jpg,video14,00068.jpg,80,video01,97,17
train,01809.jpg,video08,02073.jpg,96,video05,101,5
train,01827.jpg,video03,00017.jpg,98,video07,98,0
train,01844.jpg,video07,00367.jpg,98,video03,100,2
train,01862.jpg,video07,01964.jpg,97,video08,98,1
train,01879.jpg,video08,00062.jpg,96,video04,103,7
train,01896.jpg,video13,01015.jpg,96,video04,97,1
train,01914.jpg,video01,00493.jpg,96,video13,97,1
train,01931.jpg,video04,00181.jpg,94,video08,100,6
train,01949.jpg,video04,00181.jpg,90,video05,99,9
train,01966.jpg,video04,00003.jpg,94,video08,96,2
train,01983.jpg,video02,00012.jpg,90,video07,97,7
train,02001.jpg,video08,00990.jpg,97,video02,98,1
train,02018.jpg,video02,00036.jpg,94,video07,95,1
train,02035.jpg,video02,00015.jpg,89,video20,95,6
train,02053.jpg,video07,00982.jpg,100,video04,104,4
train,02070.jpg,video07,00982.jpg,99,video04,101,2
train,02088.jpg,video08,01145.jpg,95,video03,104,9
train,02105.jpg,video04,00288.jpg,106,video05,106,0
train,02122.jpg,video05,00082.jpg,104,video01,105,1
train,02140.jpg,video06,00057.jpg,103,video05,104,1
train,02157.jpg,video01,00458.jpg,98,video04,105,7
train,02175.jpg,video01,00296.jpg,102,video07,106,4
train,02192.jpg,video01,00388.jpg,101,video03,101,0
train,02209.jpg,video08,00588.jpg,98,video04,102,4
train,02227.jpg,video08,01098.jpg,102,video04,104,2
train,02244.jpg,video04,00128.jpg,96,video06,100,4
train,02262.jpg,video04,00128.jpg,98,video08,100,2
train,02279.jpg,video08,01562.jpg,101,video16,101,0
train,02296.jpg,video08,01562.jpg,97,video07,104,7
train,02314.jpg,video08,00526.jpg,94,video07,101,7
train,02331.jpg,video08,00619.jpg,95,video04,102,7
train,02348.jpg,video08,00619.jpg,95,video04,102,7
train,02366.jpg,video08,01253.jpg,96,video07,99,3
train,02383.jpg,video08,01238.jpg,99,video07,101,2
train,02401.jpg,video20,00253.jpg,98,video18,101,3
train,02418.jpg,video08,00944.jpg,103,video01,104,1
train,02435.jpg,video01,00923.jpg,103,video08,103,0
train,02453.jpg,video03,00053.jpg,102,video02,106,4
train,02470.jpg,video07,02380.jpg,103,video01,107,4
train,02488.jpg,video02,00058.jpg,102,video04,102,0
train,02505.jpg,video18,00160.jpg,100,video02,102,2
train,02522.jpg,video08,01129.jpg,93,video01,98,5
train,02540.jpg,video12,00827.jpg,92,video01,97,5
train,02557.jpg,video12,00777.jpg,91,video08,104,13
train,02574.jpg,video08,01902.jpg,89,video04,91,2
train,02592.jpg,video08,01902.jpg,88,video04,93,5
train,02609.jpg,video08,01902.jpg,84,video04,91,7
train,02627.jpg,video06,00097.jpg,101,video17,103,2
train,02644.jpg,video06,00097.jpg,102,video08,102,0
train,02661.jpg,video04,00197.jpg,107,video05,107,0
train,02679.jpg,video03,00022.jpg,108,video05,108,0
train,02696.jpg,video07,00450.jpg,105,video20,107,2
train,02714.jpg,video08,01114.jpg,97,video02,100,3
train,02731.jpg,video08,01485.jpg,99,video02,102,3
train,02748.jpg,video08,00805.jpg,103,video01,105,2
train,02766.jpg,video01,00317.jpg,97,video02,98,1
train,02783.jpg,video07,00782.jpg,90,video02,97,7
train,02800.jpg,video07,00782.jpg,99,video02,100,1
train,02818.jpg,video07,00782.jpg,97,video01,101,4
train,02835.jpg,video01,00303.jpg,93,video08,94,1
train,02853.jpg,video01,00303.jpg,98,video02,101,3
train,02870.jpg,video08,00836.jpg,102,video01,104,2
train,02887.jpg,video04,00092.jpg,102,video01,104,2
train,02905.jpg,video05,00118.jpg,101,video08,104,3
train,02922.jpg,video01,00697.jpg,103,video08,104,1
train,02939.jpg,video15,00879.jpg,0,video08,99,99
train,02957.jpg,video15,00743.jpg,4,video04,98,94
train,02974.jpg,video15,01078.jpg,7,video08,98,91
train,02992.jpg,video07,00217.jpg,99,video18,101,2
train,03009.jpg,video01,00507.jpg,100,video04,102,2
train,03026.jpg,video07,01564.jpg,98,video04,104,6
train,03044.jpg,video07,01564.jpg,96,video04,104,8
train,03061.jpg,video08,01098.jpg,99,video01,101,2
train,03079.jpg,video08,01114.jpg,101,video01,102,1
train,03096.jpg,video08,01114.jpg,99,video01,100,1
train,03113.jpg,video08,02042.jpg,98,video02,106,8
train,03131.jpg,video05,00450.jpg,101,video01,102,1
train,03148.jpg,video16,00035.jpg,0,video07,103,103
train,03165.jpg,video16,00733.jpg,2,video04,99,97
train,03183.jpg,video01,00085.jpg,99,video02,101,2
train,03200.jpg,video01,00085.jpg,99,video02,99,0
train,03218.jpg,video06,00191.jpg,100,video08,100,0
train,03235.jpg,video06,00191.jpg,100,video08,100,0
train,03252.jpg,video11,00859.jpg,103,video01,109,6
train,03270.jpg,video08,00789.jpg,97,video16,101,4
train,03287.jpg,video08,01732.jpg,101,video07,103,2
train,03305.jpg,video08,01995.jpg,85,video05,96,11
train,03322.jpg,video15,00915.jpg,96,video01,102,6
train,03339.jpg,video02,00062.jpg,103,video07,103,0
train,03357.jpg,video06,00031.jpg,102,video01,105,3
train,03374.jpg,video17,00142.jpg,0,video07,96,96
train,03391.jpg,video13,01157.jpg,104,video04,106,2
train,03409.jpg,video13,01157.jpg,104,video04,106,2
train,03426.jpg,video13,01157.jpg,101,video01,106,5
train,03444.jpg,video13,01157.jpg,104,video01,107,3
train,03461.jpg,video04,00169.jpg,101,video08,101,0
train,03478.jpg,video08,02305.jpg,99,video04,103,4
train,03496.jpg,video03,00012.jpg,101,video04,101,0
train,03513.jpg,video07,00616.jpg,94,video08,105,11
train,03531.jpg,video09,02432.jpg,98,video08,99,1
train,03548.jpg,video08,00743.jpg,88,video07,94,6
train,03565.jpg,video08,00743.jpg,90,video07,96,6
train,03583.jpg,video07,01947.jpg,97,video08,106,9
train,03600.jpg,video07,01947.jpg,99,video05,105,6
train,03617.jpg,video07,01947.jpg,101,video01,103,2
train,03635.jpg,video01,00360.jpg,101,video11,102,1
train,03652.jpg,video01,00360.jpg,100,video05,101,1
train,03670.jpg,video01,00374.jpg,101,video05,102,1
train,03687.jpg,video07,02346.jpg,102,video04,105,3
train,03704.jpg,video01,00141.jpg,98,video12,98,0
train,03722.jpg,video04,00016.jpg,97,video07,103,6
train,03739.jpg,video04,00016.jpg,97,video01,102,5
train,03757.jpg,video01,00409.jpg,98,video06,107,9
train,03774.jpg,video07,01747.jpg,101,video01,103,2
train,03791.jpg,video08,01624.jpg,103,video01,104,1
train,03809.jpg,video01,00353.jpg,103,video03,107,4
train,03826.jpg,video01,00353.jpg,101,video03,105,4
train,03843.jpg,video08,00279.jpg,105,video01,106,1
train,03861.jpg,video18,00027.jpg,10,video10,97,87
train,03878.jpg,video18,00027.jpg,13,video10,100,87
train,03896.jpg,video02,00064.jpg,96,video06,97,1
train,03913.jpg,video02,00064.jpg,99,video01,100,1
train,03930.jpg,video19,01282.jpg,1,video07,96,95
train,03948.jpg,video19,01160.jpg,5,video07,95,90
train,03965.jpg,video19,01160.jpg,2,video07,96,94
train,03983.jpg,video03,00088.jpg,104,video08,104,0
train,04000.jpg,video08,00387.jpg,92,video06,103,11
train,04017.jpg,video08,00387.jpg,91,video06,103,12
train,04035.jpg,video08,00387.jpg,95,video05,102,7
train,04052.jpg,video07,01348.jpg,101,video05,105,4
train,04069.jpg,video04,00206.jpg,103,video08,103,0
train,04087.jpg,video07,01781.jpg,101,video04,102,1
train,04104.jpg,video07,00932.jpg,96,video08,102,6
train,04122.jpg,video04,00058.jpg,102,video01,103,1
train,04139.jpg,video08,02026.jpg,99,video12,100,1
train,04156.jpg,video07,02064.jpg,102,video15,103,1
train,04174.jpg,video01,00275.jpg,89,video08,99,10
train,04191.jpg,video01,00275.jpg,92,video08,100,8
train,04209.jpg,video08,01810.jpg,97,video06,99,2
train,04226.jpg,video06,00142.jpg,102,video08,102,0
train,04243.jpg,video01,00367.jpg,101,video02,104,3
train,04261.jpg,video04,00064.jpg,97,video07,101,4
train,04278.jpg,video01,01035.jpg,100,video08,102,2
train,04296.jpg,video01,01035.jpg,98,video04,102,4
train,04313.jpg,video08,01114.jpg,100,video02,104,4
train,04330.jpg,video02,00016.jpg,99,video08,101,2
train,04348.jpg,video08,00124.jpg,101,video11,103,2
train,04365.jpg,video07,00666.jpg,100,video08,103,3
train,04382.jpg,video07,00666.jpg,97,video11,99,2
train,04400.jpg,video03,00068.jpg,103,video06,104,1
train,04417.jpg,video03,00068.jpg,103,video06,104,1
train,04435.jpg,video08,00248.jpg,102,video06,106,4
train,04452.jpg,video04,00101.jpg,106,video07,108,2
train,04469.jpg,video04,00101.jpg,106,video07,107,1
train,04487.jpg,video01,00233.jpg,101,video08,106,5
train,04504.jpg,video01,00233.jpg,101,video08,104,3
train,04522.jpg,video01,00233.jpg,103,video03,106,3
train,04539.jpg,video07,00816.jpg,96,video08,100,4
train,04556.jpg,video04,00224.jpg,98,video07,99,1
train,04574.jpg,video08,00341.jpg,105,video04,107,2
train,04591.jpg,video08,00418.jpg,103,video01,104,1
train,04608.jpg,video08,00418.jpg,102,video03,105,3
train,04626.jpg,video08,00449.jpg,102,video07,104,2
train,04643.jpg,video07,00733.jpg,104,video08,104,0
train,04661.jpg,video07,01764.jpg,105,video08,106,1
train,04678.jpg,video01,00043.jpg,99,video02,100,1
train,04695.jpg,video08,00820.jpg,98,video01,100,2
train,04713.jpg,video08,00820.jpg,100,video01,101,1
train,04730.jpg,video02,00046.jpg,101,video06,106,5
train,04748.jpg,video02,00046.jpg,100,video08,103,3
train,04765.jpg,video02,00058.jpg,92,video08,96,4
train,04782.jpg,video01,00261.jpg,102,video09,108,6
train,04800.jpg,video01,00261.jpg,101,video14,105,4
train,04817.jpg,video02,00032.jpg,98,video06,102,4
train,04834.jpg,video02,00032.jpg,98,video08,103,5
train,04852.jpg,video08,00959.jpg,101,video02,103,2
train,04869.jpg,video07,00084.jpg,96,video08,98,2
train,04887.jpg,video07,00599.jpg,101,video04,104,3
train,04904.jpg,video07,00599.jpg,102,video04,105,3
train,04921.jpg,video01,00423.jpg,97,video05,105,8
train,04939.jpg,video01,01021.jpg,97,video05,101,4
train,04956.jpg,video01,01021.jpg,94,video05,98,4
train,04974.jpg,video02,00051.jpg,101,video07,101,0
train,04991.jpg,video07,00500.jpg,103,video01,104,1
train,05008.jpg,video07,00500.jpg,102,video15,105,3
train,05026.jpg,video07,00500.jpg,104,video01,105,1
train,05043.jpg,video08,00155.jpg,96,video07,104,8
train,05060.jpg,video08,00155.jpg,96,video07,105,9
train,05078.jpg,video06,00122.jpg,101,video12,102,1
train,05095.jpg,video08,00681.jpg,100,video05,102,2
train,05113.jpg,video01,00529.jpg,100,video04,103,3
train,05130.jpg,video07,02346.jpg,101,video04,105,4
train,05147.jpg,video01,00529.jpg,101,video08,101,0
train,05165.jpg,video08,00758.jpg,95,video14,97,2
train,05182.jpg,video01,00071.jpg,97,video07,101,4
train,05200.jpg,video06,00200.jpg,105,video01,106,1
val,00001.jpg,video03,00007.jpg,92,video07,101,9
val,00009.jpg,video04,00192.jpg,92,video01,100,8
val,00018.jpg,video04,00265.jpg,87,video01,103,16
val,00027.jpg,video04,00156.jpg,76,video08,101,25
val,00035.jpg,video04,00192.jpg,102,video01,104,2
val,00044.jpg,video07,01831.jpg,89,video01,97,8
val,00053.jpg,video08,02274.jpg,92,video04,99,7
val,00061.jpg,video01,00430.jpg,92,video07,96,4
val,00070.jpg,video04,00163.jpg,85,video07,105,20
val,00079.jpg,video10,02104.jpg,93,video09,99,6
val,00087.jpg,video08,01268.jpg,103,video01,106,3
val,00096.jpg,video08,01129.jpg,90,video04,100,10
val,00105.jpg,video01,00289.jpg,94,video06,99,5
val,00113.jpg,video04,00306.jpg,42,video01,98,56
val,00122.jpg,video04,00169.jpg,100,video01,105,5
val,00131.jpg,video04,00297.jpg,99,video01,100,1
val,00140.jpg,video04,00083.jpg,57,video08,92,35
val,00148.jpg,video05,00257.jpg,103,video01,104,1
val,00157.jpg,video01,00669.jpg,102,video03,105,3
val,00166.jpg,video01,00937.jpg,101,video03,102,1
val,00174.jpg,video01,00437.jpg,83,video04,83,0
val,00183.jpg,video08,01006.jpg,103,video03,106,3
val,00192.jpg,video04,00037.jpg,104,video05,104,0
val,00200.jpg,video07,00733.jpg,72,video04,85,13
val,00209.jpg,video08,00124.jpg,99,video02,102,3
val,00218.jpg,video08,00093.jpg,99,video05,104,5
val,00226.jpg,video04,00030.jpg,99,video06,99,0
val,00235.jpg,video04,00188.jpg,85,video01,98,13
val,00244.jpg,video08,00588.jpg,104,video07,105,1
val,00253.jpg,video04,00272.jpg,100,video07,105,5
val,00261.jpg,video08,02134.jpg,96,video07,102,6
val,00270.jpg,video07,01764.jpg,98,video04,100,2
val,00279.jpg,video04,00302.jpg,99,video03,107,8
val,00287.jpg,video01,00310.jpg,100,video04,100,0
val,00296.jpg,video04,00261.jpg,100,video07,100,0
val,00305.jpg,video04,00055.jpg,100,video09,102,2
val,00313.jpg,video04,00178.jpg,97,video01,103,6
val,00322.jpg,video08,00866.jpg,100,video01,105,5
val,00331.jpg,video04,00190.jpg,47,video08,87,40
val,00340.jpg,video07,00949.jpg,100,video08,102,2
val,00348.jpg,video08,01037.jpg,98,video07,106,8
val,00357.jpg,video04,00318.jpg,95,video01,104,9
val,00366.jpg,video04,00254.jpg,78,video01,103,25
val,00374.jpg,video01,00360.jpg,102,video07,103,1
val,00383.jpg,video04,00204.jpg,95,video01,101,6
val,00392.jpg,video07,02363.jpg,102,video01,104,2
val,00400.jpg,video04,00001.jpg,95,video01,103,8
val,00409.jpg,video08,01671.jpg,98,video07,100,2
val,00418.jpg,video08,02042.jpg,96,video07,107,11
val,00426.jpg,video07,01764.jpg,103,video11,103,0
val,00435.jpg,video02,00070.jpg,104,video05,105,1
val,00444.jpg,video12,00080.jpg,0,video08,98,98
val,00452.jpg,video12,01395.jpg,17,video03,94,77
val,00461.jpg,video03,00023.jpg,101,video01,104,3
val,00470.jpg,video06,00110.jpg,104,video03,105,1
val,00479.jpg,video13,00001.jpg,13,video04,105,92
val,00487.jpg,video13,01696.jpg,2,video07,103,101
val,00496.jpg,video07,00500.jpg,103,video02,104,1
val,00505.jpg,video01,00127.jpg,102,video03,104,2
val,00513.jpg,video07,02430.jpg,106,video01,107,1
val,00522.jpg,video04,00167.jpg,94,video07,101,7
val,00531.jpg,video04,00096.jpg,93,video01,98,5
val,00539.jpg,video08,00975.jpg,94,video04,102,8
val,00548.jpg,video02,00075.jpg,101,video08,102,1
val,00557.jpg,video06,00086.jpg,100,video08,100,0
val,00566.jpg,video17,00361.jpg,102,video08,104,2
val,00574.jpg,video08,00634.jpg,105,video17,106,1
val,00583.jpg,video17,00361.jpg,101,video08,107,6
val,00592.jpg,video07,00500.jpg,99,video05,100,1
val,00600.jpg,video01,00353.jpg,102,video07,104,2
val,00609.jpg,video01,00472.jpg,96,video05,99,3
val,00618.jpg,video04,00051.jpg,102,video01,103,1
val,00626.jpg,video04,00194.jpg,102,video09,105,3
val,00635.jpg,video07,02263.jpg,96,video04,100,4
val,00644.jpg,video01,00486.jpg,99,video05,101,2
val,00652.jpg,video01,00360.jpg,102,video08,104,2
val,00661.jpg,video01,00226.jpg,105,video04,106,1
val,00670.jpg,video05,00055.jpg,99,video08,100,1
val,00679.jpg,video01,00071.jpg,103,video08,104,1
val,00687.jpg,video03,00099.jpg,101,video01,103,2
val,00696.jpg,video04,00110.jpg,93,video08,96,3
val,00705.jpg,video07,01481.jpg,102,video08,102,0
val,00713.jpg,video05,00425.jpg,91,video01,101,10
val,00722.jpg,video01,01050.jpg,97,video05,97,0
val,00731.jpg,video05,00425.jpg,93,video01,99,6
val,00739.jpg,video08,01531.jpg,105,video01,107,2
val,00748.jpg,video16,00259.jpg,104,video08,105,1
val,00757.jpg,video07,00100.jpg,96,video06,98,2
val,00765.jpg,video07,01448.jpg,96,video08,103,7
val,00774.jpg,video14,00107.jpg,99,video07,100,1
val,00783.jpg,video01,00550.jpg,93,video07,102,9
val,00791.jpg,video07,00766.jpg,102,video04,105,3
val,00800.jpg,video07,00766.jpg,98,video01,107,9
val,00809.jpg,video01,00909.jpg,101,video03,106,5
val,00818.jpg,video10,02086.jpg,105,video08,106,1
val,00826.jpg,video08,00047.jpg,105,video07,106,1
val,00835.jpg,video05,00049.jpg,102,video07,105,3
val,00844.jpg,video05,00049.jpg,102,video07,105,3
val,00852.jpg,video04,00192.jpg,77,video01,100,23
val,00861.jpg,video08,00634.jpg,98,video01,101,3
val,00870.jpg,video04,00046.jpg,104,video01,105,1
val,00878.jpg,video01,00310.jpg,103,video02,106,3
val,00887.jpg,video08,02073.jpg,91,video06,104,13
val,00896.jpg,video08,02073.jpg,97,video01,104,7
val,00904.jpg,video08,01949.jpg,100,video05,103,3
val,00913.jpg,video03,00009.jpg,101,video07,102,1
val,00922.jpg,video03,00017.jpg,98,video07,98,0
val,00931.jpg,video07,01964.jpg,97,video08,98,1
val,00939.jpg,video08,00062.jpg,94,video07,101,7
val,00948.jpg,video04,00014.jpg,96,video13,97,1
val,00957.jpg,video01,00493.jpg,96,video13,101,5
val,00965.jpg,video04,00176.jpg,94,video05,102,8
val,00974.jpg,video04,00181.jpg,93,video08,99,6
val,00983.jpg,video04,00005.jpg,92,video08,95,3
val,00991.jpg,video02,00015.jpg,91,video07,95,4
val,01000.jpg,video05,00109.jpg,99,video07,101,2
val,01009.jpg,video02,00015.jpg,96,video20,96,0
val,01017.jpg,video02,00012.jpg,95,video10,101,6
val,01026.jpg,video07,00982.jpg,98,video03,105,7
val,01035.jpg,video07,00982.jpg,98,video04,106,8
val,01044.jpg,video08,01145.jpg,91,video07,105,14
val,01052.jpg,video08,01562.jpg,104,video04,106,2
val,01061.jpg,video05,00082.jpg,102,video01,103,1
val,01070.jpg,video10,01061.jpg,102,video09,103,1
val,01078.jpg,video06,00018.jpg,100,video04,104,4
val,01087.jpg,video01,00458.jpg,100,video07,104,4
val,01096.jpg,video01,00458.jpg,102,video04,103,1
val,01104.jpg,video06,00174.jpg,99,video01,102,3
val,01113.jpg,video04,00320.jpg,104,video05,106,2
val,01122.jpg,video04,00128.jpg,96,video08,101,5
val,01131.jpg,video04,00128.jpg,96,video08,101,5
val,01139.jpg,video07,01980.jpg,103,video08,104,1
val,01148.jpg,video08,01562.jpg,97,video07,104,7
val,01157.jpg,video08,01562.jpg,97,video05,104,7
val,01165.jpg,video08,00619.jpg,93,video04,102,9
val,01174.jpg,video08,00403.jpg,97,video01,103,6
val,01183.jpg,video07,01881.jpg,95,video01,101,6
val,01191.jpg,video07,02480.jpg,100,video08,101,1
val,01200.jpg,video20,00099.jpg,100,video09,105,5
val,01209.jpg,video08,00944.jpg,101,video01,103,2
val,01217.jpg,video01,00923.jpg,103,video08,103,0
val,01226.jpg,video07,00267.jpg,100,video08,107,7
val,01235.jpg,video07,00100.jpg,101,video05,103,2
val,01244.jpg,video04,00044.jpg,101,video02,103,2
val,01252.jpg,video02,00058.jpg,101,video04,101,0
val,01261.jpg,video08,01129.jpg,95,video01,102,7
val,01270.jpg,video08,00805.jpg,94,video07,99,5
val,01278.jpg,video12,01236.jpg,93,video01,105,12
val,01287.jpg,video08,01902.jpg,89,video04,96,7
val,01296.jpg,video08,01902.jpg,84,video04,91,7
val,01304.jpg,video08,01902.jpg,84,video04,91,7
val,01313.jpg,video08,02057.jpg,99,video05,103,4
val,01322.jpg,video08,01949.jpg,96,video06,104,8
val,01330.jpg,video01,00029.jpg,106,video08,106,0
val,01339.jpg,video03,00027.jpg,103,video05,106,3
val,01348.jpg,video01,00831.jpg,104,video07,104,0
val,01357.jpg,video08,01114.jpg,93,video05,102,9
val,01365.jpg,video08,01114.jpg,93,video02,100,7
val,01374.jpg,video08,00820.jpg,98,video01,102,4
val,01383.jpg,video07,00782.jpg,92,video02,101,9
val,01391.jpg,video07,00782.jpg,95,video02,96,1
val,01400.jpg,video07,00782.jpg,97,video02,100,3
val,01409.jpg,video01,00317.jpg,99,video04,102,3
val,01417.jpg,video07,00782.jpg,94,video05,97,3
val,01426.jpg,video02,00010.jpg,97,video01,98,1
val,01435.jpg,video06,00106.jpg,103,video07,103,0
val,01443.jpg,video04,00067.jpg,100,video01,105,5
val,01452.jpg,video05,00118.jpg,103,video04,105,2
val,01461.jpg,video05,00118.jpg,101,video04,103,2
val,01469.jpg,video15,00326.jpg,0,video08,99,99
val,01478.jpg,video15,01114.jpg,2,video04,98,96
val,01487.jpg,video15,00743.jpg,2,video04,98,96
val,01496.jpg,video07,00217.jpg,103,video18,103,0
val,01504.jpg,video01,00507.jpg,100,video04,100,0
val,01513.jpg,video07,01564.jpg,98,video04,104,6
val,01522.jpg,video07,01564.jpg,98,video04,104,6
val,01530.jpg,video05,00446.jpg,103,video01,105,2
val,01539.jpg,video01,00022.jpg,101,video08,102,1
val,01548.jpg,video08,01114.jpg,98,video01,101,3
val,01556.jpg,video01,00951.jpg,85,video05,97,12
val,01565.jpg,video08,00944.jpg,94,video07,99,5
val,01574.jpg,video16,00035.jpg,0,video07,103,103
val,01582.jpg,video16,00647.jpg,4,video04,101,97
val,01591.jpg,video02,00052.jpg,99,video01,101,2
val,01600.jpg,video01,00085.jpg,97,video02,101,4
val,01609.jpg,video06,00191.jpg,100,video08,102,2
val,01617.jpg,video06,00191.jpg,100,video08,100,0
val,01626.jpg,video08,00078.jpg,103,video07,104,1
val,01635.jpg,video08,00789.jpg,94,video16,98,4
val,01643.jpg,video08,00789.jpg,93,video16,95,2
val,01652.jpg,video08,01995.jpg,89,video01,100,11
val,01661.jpg,video15,00915.jpg,98,video01,102,4
val,01669.jpg,video15,00453.jpg,99,video04,103,4
val,01678.jpg,video06,00031.jpg,104,video02,105,1
val,01687.jpg,video17,00142.jpg,0,video07,96,96
val,01695.jpg,video01,00564.jpg,104,video04,104,0
val,01704.jpg,video04,00117.jpg,106,video13,106,0
val,01713.jpg,video13,01157.jpg,106,video01,108,2
val,01722.jpg,video13,01157.jpg,102,video07,107,5
val,01730.jpg,video04,00169.jpg,101,video08,101,0
val,01739.jpg,video04,00169.jpg,103,video08,103,0
val,01748.jpg,video06,00129.jpg,103,video08,107,4
val,01756.jpg,video07,00616.jpg,94,video03,106,12
val,01765.jpg,video08,02026.jpg,98,video09,100,2
val,01774.jpg,video08,00743.jpg,88,video07,94,6
val,01782.jpg,video08,00743.jpg,90,video07,95,5
val,01791.jpg,video07,01398.jpg,104,video08,108,4
val,01800.jpg,video07,01947.jpg,97,video01,107,10
val,01808.jpg,video07,01947.jpg,95,video01,105,10
val,01817.jpg,video07,01947.jpg,97,video01,107,10
val,01826.jpg,video01,00338.jpg,103,video05,106,3
val,01835.jpg,video01,00374.jpg,97,video05,100,3
val,01843.jpg,video01,00296.jpg,104,video05,106,2
val,01852.jpg,video07,02346.jpg,104,video05,106,2
val,01861.jpg,video04,00016.jpg,97,video07,103,6
val,01869.jpg,video04,00016.jpg,97,video01,100,3
val,01878.jpg,video04,00320.jpg,104,video07,104,0
val,01887.jpg,video07,02446.jpg,102,video04,104,2
val,01895.jpg,video08,01624.jpg,100,video01,101,1
val,01904.jpg,video08,00573.jpg,106,video01,107,1
val,01913.jpg,video01,00353.jpg,99,video03,101,2
val,01921.jpg,video01,00353.jpg,103,video08,104,1
val,01930.jpg,video18,00027.jpg,10,video08,100,90
val,01939.jpg,video18,00089.jpg,11,video04,103,92
val,01948.jpg,video02,00064.jpg,96,video06,97,1
val,01956.jpg,video02,00064.jpg,101,video01,102,1
val,01965.jpg,video19,01160.jpg,2,video07,98,96
val,01974.jpg,video19,01160.jpg,5,video07,95,90
val,01982.jpg,video19,01099.jpg,3,video07,94,91
val,01991.jpg,video07,02097.jpg,102,video08,103,1
val,02000.jpg,video08,00387.jpg,94,video07,101,7
val,02008.jpg,video08,00387.jpg,92,video07,103,11
val,02017.jpg,video08,00387.jpg,95,video05,102,7
val,02026.jpg,video07,01348.jpg,103,video05,105,2
val,02034.jpg,video04,00206.jpg,103,video07,104,1
val,02043.jpg,video07,01781.jpg,98,video11,105,7
val,02052.jpg,video07,00932.jpg,98,video04,102,4
val,02061.jpg,video08,02026.jpg,101,video01,103,2
val,02069.jpg,video08,02026.jpg,101,video12,102,1
val,02078.jpg,video07,02064.jpg,97,video01,104,7
val,02087.jpg,video01,00275.jpg,90,video07,102,12
val,02095.jpg,video01,00275.jpg,90,video07,100,10
val,02104.jpg,video08,00743.jpg,101,video06,103,2
val,02113.jpg,video06,00142.jpg,103,video08,104,1
val,02121.jpg,video01,00198.jpg,102,video02,104,2
val,02130.jpg,video04,00137.jpg,96,video08,104,8
val,02139.jpg,video04,00220.jpg,103,video07,104,1
val,02148.jpg,video01,00845.jpg,100,video04,102,2
val,02156.jpg,video08,01114.jpg,101,video02,104,3
val,02165.jpg,video08,01114.jpg,100,video02,101,1
val,02174.jpg,video02,00016.jpg,100,video08,100,0
val,02182.jpg,video07,00666.jpg,101,video08,103,2
val,02191.jpg,video07,00666.jpg,98,video11,102,4
val,02200.jpg,video03,00068.jpg,103,video06,104,1
val,02208.jpg,video03,00068.jpg,103,video08,104,1
val,02217.jpg,video05,00227.jpg,101,video14,104,3
val,02226.jpg,video04,00101.jpg,106,video08,106,0
val,02234.jpg,video04,00101.jpg,108,video08,108,0
val,02243.jpg,video01,00233.jpg,103,video08,104,1
val,02252.jpg,video01,00233.jpg,103,video08,104,1
val,02261.jpg,video01,00233.jpg,101,video08,106,5
val,02269.jpg,video07,00816.jpg,98,video04,100,2
val,02278.jpg,video04,00224.jpg,100,video07,102,2
val,02287.jpg,video07,00899.jpg,98,video04,102,4
val,02295.jpg,video08,00418.jpg,100,video07,105,5
val,02304.jpg,video08,00418.jpg,102,video03,105,3
val,02313.jpg,video07,00799.jpg,103,video08,103,0
val,02321.jpg,video08,01810.jpg,103,video07,105,2
val,02330.jpg,video07,01764.jpg,107,video02,108,1
val,02339.jpg,video01,00043.jpg,98,video02,99,1
val,02347.jpg,video08,00820.jpg,100,video02,101,1
val,02356.jpg,video08,00820.jpg,98,video02,101,3
val,02365.jpg,video02,00046.jpg,101,video06,106,5
val,02374.jpg,video02,00046.jpg,100,video08,103,3
val,02382.jpg,video01,00493.jpg,101,video13,101,0
val,02391.jpg,video01,00261.jpg,104,video05,109,5
val,02400.jpg,video01,00261.jpg,103,video08,109,6
val,02408.jpg,video01,00261.jpg,101,video14,107,6
val,02417.jpg,video02,00032.jpg,98,video08,103,5
val,02426.jpg,video08,00959.jpg,97,video06,102,5
val,02434.jpg,video07,00084.jpg,95,video03,99,4
val,02443.jpg,video06,00114.jpg,100,video02,102,2
val,02452.jpg,video07,00599.jpg,102,video04,105,3
val,02460.jpg,video10,00831.jpg,101,video06,104,3
val,02469.jpg,video01,01021.jpg,95,video05,101,6
val,02478.jpg,video01,01021.jpg,95,video05,95,0
val,02487.jpg,video02,00051.jpg,103,video01,104,1
val,02495.jpg,video02,00051.jpg,103,video07,103,0
val,02504.jpg,video07,00500.jpg,99,video15,104,5
val,02513.jpg,video08,01330.jpg,103,video07,104,1
val,02521.jpg,video08,00124.jpg,92,video07,104,12
val,02530.jpg,video08,00124.jpg,95,video07,105,10
val,02539.jpg,video06,00122.jpg,99,video05,104,5
val,02547.jpg,video06,00122.jpg,101,video08,101,0
val,02556.jpg,video01,01000.jpg,97,video03,101,4
val,02565.jpg,video04,00083.jpg,101,video07,102,1
val,02573.jpg,video08,00758.jpg,94,video14,100,6
val,02582.jpg,video08,00758.jpg,99,video01,103,4
val,02591.jpg,video07,00666.jpg,97,video01,101,4
val,02600.jpg,video04,00158.jpg,105,video06,105,0
test,00001.jpg,video01,00423.jpg,94,video04,107,13
test,00008.jpg,video04,00153.jpg,99,video12,100,1
test,00015.jpg,video07,00816.jpg,85,video04,98,13
test,00023.jpg,video04,00222.jpg,94,video07,97,3
test,00030.jpg,video08,02181.jpg,87,video12,95,8
test,00037.jpg,video01,00381.jpg,98,video05,100,2
test,00045.jpg,video07,00001.jpg,99,video01,100,1
test,00052.jpg,video07,00799.jpg,90,video17,106,16
test,00059.jpg,video08,01330.jpg,100,video03,102,2
test,00067.jpg,video01,00430.jpg,97,video04,100,3
test,00074.jpg,video03,00013.jpg,85,video08,94,9
test,00081.jpg,video06,00146.jpg,105,video08,106,1
test,00089.jpg,video04,00297.jpg,99,video19,99,0
test,00096.jpg,video07,01548.jpg,101,video08,101,0
test,00103.jpg,video01,00697.jpg,99,video03,99,0
test,00111.jpg,video07,00749.jpg,94,video08,104,10
test,00118.jpg,video08,01717.jpg,102,video12,104,2
test,00126.jpg,video07,02163.jpg,96,video01,98,2
test,00133.jpg,video04,00288.jpg,89,video01,103,14
test,00140.jpg,video04,00252.jpg,82,video03,97,15
test,00148.jpg,video12,00419.jpg,101,video08,102,1
test,00155.jpg,video01,00254.jpg,95,video08,101,6
test,00162.jpg,video04,00231.jpg,85,video07,88,3
test,00170.jpg,video08,00093.jpg,98,video07,100,2
test,00177.jpg,video02,00067.jpg,99,video01,100,1
test,00184.jpg,video01,00895.jpg,100,video08,100,0
test,00192.jpg,video03,00014.jpg,92,video04,95,3
test,00199.jpg,video07,01581.jpg,98,video06,101,3
test,00206.jpg,video01,00507.jpg,98,video04,102,4
test,00214.jpg,video04,00190.jpg,98,video07,101,3
test,00221.jpg,video04,00215.jpg,90,video07,95,5
test,00228.jpg,video08,00232.jpg,93,video12,95,2
test,00236.jpg,video07,00882.jpg,100,video13,106,6
test,00243.jpg,video04,00055.jpg,100,video07,102,2
test,00251.jpg,video08,00093.jpg,90,video03,91,1
test,00258.jpg,video07,00832.jpg,96,video08,98,2
test,00265.jpg,video03,00028.jpg,100,video05,105,5
test,00273.jpg,video08,01114.jpg,102,video01,103,1
test,00280.jpg,video01,00001.jpg,106,video03,108,2
test,00287.jpg,video04,00201.jpg,82,video03,84,2
test,00295.jpg,video07,01548.jpg,99,video01,104,5
test,00302.jpg,video03,00021.jpg,100,video04,103,3
test,00309.jpg,video01,00775.jpg,96,video06,99,3
test,00317.jpg,video07,01015.jpg,96,video04,104,8
test,00324.jpg,video04,00309.jpg,92,video05,105,13
test,00331.jpg,video01,00979.jpg,92,video02,102,10
test,00339.jpg,video01,00423.jpg,104,video05,104,0
test,00346.jpg,video08,01872.jpg,89,video01,103,14
test,00354.jpg,video03,00015.jpg,102,video07,105,3
test,00361.jpg,video04,00199.jpg,97,video05,101,4
test,00368.jpg,video04,00256.jpg,103,video07,104,1
test,00376.jpg,video20,01602.jpg,97,video05,100,3
test,00383.jpg,video11,00061.jpg,91,video05,103,12
test,00390.jpg,video03,00023.jpg,101,video01,104,3
test,00398.jpg,video07,00500.jpg,103,video02,104,1
test,00405.jpg,video04,00167.jpg,84,video08,101,17
test,00412.jpg,video04,00055.jpg,98,video07,105,7
test,00420.jpg,video08,01609.jpg,98,video02,100,2
test,00427.jpg,video17,00361.jpg,103,video07,105,2
test,00434.jpg,video01,00071.jpg,98,video05,99,1
test,00442.jpg,video06,00003.jpg,99,video07,101,2
test,00449.jpg,video03,00084.jpg,101,video01,104,3
test,00456.jpg,video01,00479.jpg,99,video11,106,7
test,00464.jpg,video07,01481.jpg,100,video08,101,1
test,00471.jpg,video08,01531.jpg,105,video16,106,1
test,00479.jpg,video07,00100.jpg,102,video01,103,1
test,00486.jpg,video01,00550.jpg,95,video08,104,9
test,00493.jpg,video08,00047.jpg,105,video07,106,1
test,00501.jpg,video05,00299.jpg,103,video07,107,4
test,00508.jpg,video12,01245.jpg,95,video08,98,3
test,00515.jpg,video08,02073.jpg,97,video20,102,5
test,00523.jpg,video07,00367.jpg,98,video03,100,2
test,00530.jpg,video13,01157.jpg,93,video01,100,7
test,00537.jpg,video04,00188.jpg,86,video08,99,13
test,00545.jpg,video08,02305.jpg,101,video15,101,0
test,00552.jpg,video07,00982.jpg,101,video01,106,5
test,00559.jpg,video05,00082.jpg,104,video06,105,1
test,00567.jpg,video04,00336.jpg,92,video01,100,8
test,00574.jpg,video05,00073.jpg,99,video04,104,5
test,00582.jpg,video07,01980.jpg,103,video08,104,1
test,00589.jpg,video08,00526.jpg,98,video07,99,1
test,00596.jpg,video08,01253.jpg,98,video12,98,0
test,00604.jpg,video07,00782.jpg,94,video08,97,3
test,00611.jpg,video08,00944.jpg,101,video01,103,2
test,00618.jpg,video03,00057.jpg,102,video07,104,2
test,00626.jpg,video08,01129.jpg,95,video01,98,3
test,00633.jpg,video08,01902.jpg,91,video04,99,8
test,00640.jpg,video06,00097.jpg,100,video05,103,3
test,00648.jpg,video01,01042.jpg,104,video03,104,0
test,00655.jpg,video08,01114.jpg,98,video05,101,3
test,00662.jpg,video07,00782.jpg,94,video02,97,3
test,00670.jpg,video02,00010.jpg,100,video01,101,1
test,00677.jpg,video08,01145.jpg,102,video04,103,1
test,00684.jpg,video15,01078.jpg,4,video04,98,94
test,00692.jpg,video01,00507.jpg,98,video04,100,2
test,00699.jpg,video04,00158.jpg,103,video02,105,2
test,00707.jpg,video01,00078.jpg,103,video02,106,3
test,00714.jpg,video06,00191.jpg,102,video08,102,0
test,00721.jpg,video07,01348.jpg,101,video08,103,2
test,00729.jpg,video15,00453.jpg,99,video01,102,3
test,00736.jpg,video17,00021.jpg,2,video03,95,93
test,00743.jpg,video13,01157.jpg,104,video01,107,3
test,00751.jpg,video08,02305.jpg,101,video01,104,3
test,00758.jpg,video08,00743.jpg,88,video07,94,6
test,00765.jpg,video07,01398.jpg,106,video08,106,0
test,00773.jpg,video08,01980.jpg,101,video05,102,1
test,00780.jpg,video01,00141.jpg,94,video12,96,2
test,00787.jpg,video07,01298.jpg,103,video01,106,3
test,00795.jpg,video08,00727.jpg,104,video01,106,2
test,00802.jpg,video06,00178.jpg,95,video02,100,5
test,00809.jpg,video19,01160.jpg,5,video07,95,90
test,00817.jpg,video08,00387.jpg,92,video07,101,9
test,00824.jpg,video07,01348.jpg,103,video20,103,0
test,00832.jpg,video08,02026.jpg,101,video01,103,2
test,00839.jpg,video07,00367.jpg,99,video01,104,5
test,00846.jpg,video04,00215.jpg,103,video07,104,1
test,00854.jpg,video08,01547.jpg,96,video02,99,3
test,00861.jpg,video03,00068.jpg,101,video01,104,3
test,00868.jpg,video04,00101.jpg,104,video07,106,2
test,00876.jpg,video07,00816.jpg,101,video04,105,4
test,00883.jpg,video04,00331.jpg,107,video08,107,0
test,00890.jpg,video08,00310.jpg,106,video07,107,1
test,00898.jpg,video02,00056.jpg,97,video01,100,3
test,00905.jpg,video02,00058.jpg,91,video01,96,5
test,00912.jpg,video02,00032.jpg,98,video08,103,5
test,00920.jpg,video04,00014.jpg,101,video06,104,3
test,00927.jpg,video01,00001.jpg,100,video07,101,1
test,00935.jpg,video07,00500.jpg,102,video01,105,3
test,00942.jpg,video06,00122.jpg,101,video05,102,1
test,00949.jpg,video08,00758.jpg,97,video14,99,2
test,00957.jpg,video08,01145.jpg,100,video01,106,6
test,00964.jpg,video01,00395.jpg,103,video05,107,4
test,00971.jpg,video04,00190.jpg,93,video01,104,11
test,00979.jpg,video04,00192.jpg,91,video08,97,6
test,00986.jpg,video04,00083.jpg,100,video05,103,3
test,00993.jpg,video01,00353.jpg,102,video05,104,2
test,01001.jpg,video08,02150.jpg,99,video07,101,2
test,01008.jpg,video04,00233.jpg,101,video02,103,2
test,01015.jpg,video03,00017.jpg,90,video04,90,0
test,01023.jpg,video07,00483.jpg,100,video06,102,2
test,01030.jpg,video05,00398.jpg,99,video01,101,2
test,01037.jpg,video07,00350.jpg,15,video01,96,81
test,01045.jpg,video03,00018.jpg,102,video04,106,4
test,01052.jpg,video08,00310.jpg,103,video07,105,2
test,01060.jpg,video04,00320.jpg,75,video07,104,29
test,01067.jpg,video07,01980.jpg,95,video06,104,9
test,01074.jpg,video11,00798.jpg,99,video07,102,3
test,01082.jpg,video05,00236.jpg,102,video03,108,6
test,01089.jpg,video07,02113.jpg,103,video08,106,3
test,01096.jpg,video04,00128.jpg,98,video01,103,5
test,01104.jpg,video05,00031.jpg,101,video07,101,0
test,01111.jpg,video03,00023.jpg,97,video07,104,7
test,01118.jpg,video12,00887.jpg,100,video08,101,1
test,01126.jpg,video04,00003.jpg,103,video05,105,2
test,01133.jpg,video07,00766.jpg,100,video08,101,1
test,01140.jpg,video04,00204.jpg,102,video07,102,0
test,01148.jpg,video07,00050.jpg,106,video08,106,0
test,01155.jpg,video07,01548.jpg,98,video08,99,1
test,01163.jpg,video08,01145.jpg,97,video07,104,7
test,01170.jpg,video01,01021.jpg,105,video03,105,0
test,01177.jpg,video05,00091.jpg,98,video08,100,2
test,01185.jpg,video04,00039.jpg,106,video08,106,0
test,01192.jpg,video01,00507.jpg,98,video04,102,4
test,01199.jpg,video04,00254.jpg,89,video08,90,1
test,01207.jpg,video06,00026.jpg,100,video04,102,2
test,01214.jpg,video07,01049.jpg,95,video04,98,3
test,01221.jpg,video08,02212.jpg,101,video05,105,4
test,01229.jpg,video03,00085.jpg,104,video08,107,3
test,01236.jpg,video01,00141.jpg,106,video08,106,0
test,01243.jpg,video06,00126.jpg,99,video08,104,5
test,01251.jpg,video02,00041.jpg,101,video04,105,4
test,01258.jpg,video08,00789.jpg,94,video04,101,7
test,01265.jpg,video04,00064.jpg,95,video07,97,2
test,01273.jpg,video04,00245.jpg,104,video03,105,1
test,01280.jpg,video02,00046.jpg,98,video05,98,0
test,01288.jpg,video07,01298.jpg,94,video08,96,2
test,01295.jpg,video01,00008.jpg,100,video02,102,2
test,01302.jpg,video04,00270.jpg,102,video07,104,2
test,01310.jpg,video04,00309.jpg,101,video07,103,2
test,01317.jpg,video08,00634.jpg,97,video07,102,5
test,01324.jpg,video04,00267.jpg,98,video03,100,2
test,01332.jpg,video08,01872.jpg,87,video07,102,15
test,01339.jpg,video06,00111.jpg,100,video03,102,2
test,01346.jpg,video08,02212.jpg,92,video07,98,6
test,01354.jpg,video04,00286.jpg,88,video07,102,14
test,01361.jpg,video01,00338.jpg,85,video07,107,22
test,01368.jpg,video01,00141.jpg,98,video06,106,8
test,01376.jpg,video08,00341.jpg,82,video01,106,24
test,01383.jpg,video06,00183.jpg,94,video04,100,6
test,01391.jpg,video06,00181.jpg,107,video07,107,0
test,01398.jpg,video04,00016.jpg,99,video08,99,0
test,01405.jpg,video05,00299.jpg,104,video01,105,1
test,01413.jpg,video05,00031.jpg,89,video01,98,9
test,01420.jpg,video08,01037.jpg,97,video07,102,5
test,01427.jpg,video07,01298.jpg,96,video05,99,3
test,01435.jpg,video04,00003.jpg,103,video05,106,3
test,01442.jpg,video08,02042.jpg,97,video07,104,7
test,01449.jpg,video11,00852.jpg,86,video07,99,13
test,01457.jpg,video11,01000.jpg,5,video06,103,98
test,01464.jpg,video12,01096.jpg,2,video05,98,96
test,01471.jpg,video12,01445.jpg,13,video03,98,85
test,01479.jpg,video03,00023.jpg,103,video06,106,3
test,01486.jpg,video13,01388.jpg,9,video04,103,94
test,01493.jpg,video07,00500.jpg,102,video02,105,3
test,01501.jpg,video03,00003.jpg,102,video08,104,2
test,01508.jpg,video04,00167.jpg,91,video08,96,5
test,01516.jpg,video06,00086.jpg,98,video07,102,4
test,01523.jpg,video17,00361.jpg,98,video07,102,4
test,01530.jpg,video05,00079.jpg,98,video01,102,4
test,01538.jpg,video01,00268.jpg,101,video07,101,0
test,01545.jpg,video07,02263.jpg,91,video04,103,12
test,01552.jpg,video03,00084.jpg,101,video01,104,3
test,01560.jpg,video01,01021.jpg,96,video06,108,12
test,01567.jpg,video08,00124.jpg,95,video04,98,3
test,01574.jpg,video07,01481.jpg,102,video08,102,0
test,01582.jpg,video08,01531.jpg,105,video16,106,1
test,01589.jpg,video08,01531.jpg,101,video16,102,1
test,01596.jpg,video14,00107.jpg,94,video07,101,7
test,01604.jpg,video07,00766.jpg,102,video06,103,1
test,01611.jpg,video08,01547.jpg,103,video07,107,4
test,01618.jpg,video07,02030.jpg,106,video08,106,0
test,01626.jpg,video08,00109.jpg,92,video01,97,5
test,01633.jpg,video07,00001.jpg,98,video08,98,0
test,01641.jpg,video08,02073.jpg,97,video02,106,9
test,01648.jpg,video07,01714.jpg,98,video03,100,2
test,01655.jpg,video03,00017.jpg,98,video07,98,0
test,01663.jpg,video13,01401.jpg,96,video01,97,1
test,01670.jpg,video01,00493.jpg,94,video13,95,1
test,01677.jpg,video02,00012.jpg,87,video09,94,7
test,01685.jpg,video08,00990.jpg,99,video03,103,4
test,01692.jpg,video07,00982.jpg,96,video04,104,8
test,01699.jpg,video08,01145.jpg,91,video15,103,12
test,01707.jpg,video04,00062.jpg,105,video05,106,1
test,01714.jpg,video04,00078.jpg,102,video01,103,1
test,01721.jpg,video06,00174.jpg,95,video01,101,6
test,01729.jpg,video08,02227.jpg,98,video04,99,1
test,01736.jpg,video08,01562.jpg,97,video07,104,7
test,01744.jpg,video08,00619.jpg,93,video04,102,9
test,01751.jpg,video01,01007.jpg,99,video07,100,1
test,01758.jpg,video18,01178.jpg,101,video20,102,1
test,01766.jpg,video01,00923.jpg,101,video08,103,2
test,01773.jpg,video07,02380.jpg,105,video08,105,0
test,01780.jpg,video01,00909.jpg,93,video08,97,4
test,01788.jpg,video12,01245.jpg,87,video08,103,16
test,01795.jpg,video08,01902.jpg,90,video04,97,7
test,01802.jpg,video06,00097.jpg,102,video08,104,2
test,01810.jpg,video07,01897.jpg,103,video08,105,2
test,01817.jpg,video08,01114.jpg,92,video02,99,7
test,01824.jpg,video07,00782.jpg,96,video02,99,3
test,01832.jpg,video07,00782.jpg,93,video05,99,6
test,01839.jpg,video02,00010.jpg,97,video01,100,3
test,01846.jpg,video04,00092.jpg,101,video01,107,6
test,01854.jpg,video15,00363.jpg,2,video08,99,97
test,01861.jpg,video15,01313.jpg,0,video04,100,100
test,01869.jpg,video01,00507.jpg,100,video04,100,0
test,01876.jpg,video07,01564.jpg,96,video04,104,8
test,01883.jpg,video04,00215.jpg,102,video08,103,1
test,01891.jpg,video01,00085.jpg,97,video02,99,2
test,01898.jpg,video01,00085.jpg,99,video02,101,2
test,01905.jpg,video08,00078.jpg,103,video07,104,1
test,01913.jpg,video08,00789.jpg,95,video03,101,6
test,01920.jpg,video15,00453.jpg,99,video01,102,3
test,01927.jpg,video01,00367.jpg,99,video02,101,2
test,01935.jpg,video13,01157.jpg,105,video04,107,2
test,01942.jpg,video13,01157.jpg,102,video07,107,5
test,01949.jpg,video08,02305.jpg,101,video01,104,3
test,01957.jpg,video07,00616.jpg,92,video08,107,15
test,01964.jpg,video08,00743.jpg,90,video07,99,9
test,01972.jpg,video07,01947.jpg,99,video01,107,8
test,01979.jpg,video01,00360.jpg,103,video11,104,1
test,01986.jpg,video07,02346.jpg,104,video05,106,2
test,01994.jpg,video01,00106.jpg,101,video07,102,1
test,02001.jpg,video08,01624.jpg,101,video05,103,2
test,02008.jpg,video01,00353.jpg,100,video08,103,3
test,02016.jpg,video18,00027.jpg,12,video10,99,87
test,02023.jpg,video19,00393.jpg,0,video07,95,95
test,02030.jpg,video19,01160.jpg,5,video07,95,90
test,02038.jpg,video08,00387.jpg,90,video06,102,12
test,02045.jpg,video07,01348.jpg,103,video20,103,0
test,02052.jpg,video08,02026.jpg,101,video12,102,1
test,02060.jpg,video07,02064.jpg,101,video15,102,1
test,02067.jpg,video06,00142.jpg,101,video08,103,2
test,02074.jpg,video01,00845.jpg,100,video04,103,3
test,02082.jpg,video02,00016.jpg,99,video08,102,3
test,02089.jpg,video07,00666.jpg,98,video11,102,4
test,02097.jpg,video05,00227.jpg,103,video08,105,2
test,02104.jpg,video04,00101.jpg,104,video07,106,2
test,02111.jpg,video04,00224.jpg,102,video07,102,0
test,02119.jpg,video08,00418.jpg,103,video03,104,1
test,02126.jpg,video07,01764.jpg,107,video08,108,1
test,02133.jpg,video08,00820.jpg,100,video02,101,1
test,02141.jpg,video01,00261.jpg,100,video14,106,6
test,02148.jpg,video02,00032.jpg,98,video08,103,5
test,02155.jpg,video07,00599.jpg,104,video12,104,0
test,02163.jpg,video01,01021.jpg,96,video05,100,4
test,02170.jpg,video01,00479.jpg,104,video07,105,1
test,02177.jpg,video07,00500.jpg,102,video01,105,3
test,02185.jpg,video06,00122.jpg,101,video05,102,1
test,02192.jpg,video07,00716.jpg,96,video08,96,0
test,02200.jpg,video05,00043.jpg,102,video01,103,1
