split_A,image_A,split_B,image_B,SSIM
train,01025.jpg,test,01502.jpg,0.9943727893253449
train,00966.jpg,test,00393.jpg,0.9942887198847463
train,00966.jpg,test,01488.jpg,0.9942887198847463
train,00946.jpg,test,01486.jpg,0.9934045962810929
train,00946.jpg,test,00392.jpg,0.9934045962810929
train,01230.jpg,test,01539.jpg,0.9933959963225881
train,01230.jpg,test,00440.jpg,0.9933959963225881
train,05190.jpg,test,00955.jpg,0.9933829162883947
train,05191.jpg,test,00955.jpg,0.9933562518514413
train,00945.jpg,test,01486.jpg,0.9933471592821672
train,00945.jpg,test,00392.jpg,0.9933471592821672
train,01203.jpg,test,01534.jpg,0.9931595697226091
train,01203.jpg,test,00436.jpg,0.9931595697226091
train,01226.jpg,test,00438.jpg,0.9931340576759488
train,01226.jpg,test,01537.jpg,0.9931340576759488
train,00913.jpg,test,01474.jpg,0.993048112129063
train,00913.jpg,test,00390.jpg,0.993048112129063
train,00969.jpg,test,00395.jpg,0.9930203212293978
train,00969.jpg,test,01490.jpg,0.9930203212293978
train,00965.jpg,test,01488.jpg,0.9929568574444384
train,00965.jpg,test,00393.jpg,0.9929568574444384
train,00546.jpg,test,01169.jpg,0.9929358122491416
train,01026.jpg,test,01502.jpg,0.992921477898993
train,00915.jpg,test,00391.jpg,0.9929101026206024
train,00915.jpg,test,01475.jpg,0.9929101026206024
train,05192.jpg,test,00955.jpg,0.992897436782384
train,00918.jpg,test,01476.jpg,0.9928902550584393
train,01023.jpg,test,00403.jpg,0.9928584925928661
train,01023.jpg,test,01501.jpg,0.9928584925928661
train,05189.jpg,test,00955.jpg,0.9927678479998705
train,00973.jpg,test,00396.jpg,0.992760393250041
train,00973.jpg,test,01491.jpg,0.992760393250041
train,00929.jpg,test,01480.jpg,0.9924614661455364
train,05183.jpg,test,02198.jpg,0.9923938664528922
train,00916.jpg,test,01475.jpg,0.9922570203139276
train,00916.jpg,test,00391.jpg,0.9922570203139276
train,01024.jpg,test,01501.jpg,0.9922210145242052
train,01024.jpg,test,00403.jpg,0.9922210145242052
train,00968.jpg,test,00394.jpg,0.9922013684736297
train,00968.jpg,test,01489.jpg,0.9922013684736297
train,01206.jpg,test,01535.jpg,0.9921876606682742
train,01028.jpg,test,01502.jpg,0.9921711062646111
train,00932.jpg,test,01481.jpg,0.9920040109060679
train,01229.jpg,test,00439.jpg,0.991997548049852
train,01229.jpg,test,01538.jpg,0.991997548049852
train,05023.jpg,test,00937.jpg,0.9919489887167856
train,05023.jpg,test,02177.jpg,0.9919489887167856
train,05186.jpg,test,02200.jpg,0.9919228548668388
train,05186.jpg,test,00954.jpg,0.9919228548668388
train,01022.jpg,test,01500.jpg,0.9919079702016583
train,00990.jpg,test,01493.jpg,0.9916902934997605
train,00990.jpg,test,00397.jpg,0.9916902934997605
train,00971.jpg,test,01490.jpg,0.9916542997387803
train,00971.jpg,test,00395.jpg,0.9916542997387803
train,00931.jpg,test,01481.jpg,0.9916048273705977
train,04987.jpg,test,02169.jpg,0.9916030812482353
train,01019.jpg,test,00402.jpg,0.9915593084526243
train,01019.jpg,test,01499.jpg,0.9915593084526243
train,04990.jpg,test,00931.jpg,0.991507871447664
train,04990.jpg,test,02170.jpg,0.991507871447664
train,01414.jpg,test,01573.jpg,0.9914856282488814
train,01414.jpg,test,00465.jpg,0.9914856282488814
train,04988.jpg,test,02169.jpg,0.9914594698517462
train,01204.jpg,test,00436.jpg,0.9914239166992884
train,01204.jpg,test,01534.jpg,0.9914239166992884
train,00947.jpg,test,01487.jpg,0.991309502522143
train,05027.jpg,test,02177.jpg,0.9912553145511943
train,05027.jpg,test,00937.jpg,0.9912553145511943
train,05187.jpg,test,00953.jpg,0.9911513300160179
train,05187.jpg,test,02199.jpg,0.9911513300160179
train,04992.jpg,test,00932.jpg,0.9910233441522347
train,04992.jpg,test,02171.jpg,0.9910233441522347
train,05050.jpg,test,00941.jpg,0.990970817442211
train,05050.jpg,test,02182.jpg,0.990970817442211
train,05077.jpg,test,02185.jpg,0.9909612585770131
train,05077.jpg,test,00942.jpg,0.9909612585770131
train,05183.jpg,test,00955.jpg,0.9909286767122593
train,05024.jpg,test,02178.jpg,0.990871166328217
train,05017.jpg,test,00934.jpg,0.9908710062864878
train,05017.jpg,test,02174.jpg,0.9908710062864878
train,01020.jpg,test,00402.jpg,0.9908452014442996
train,01020.jpg,test,01499.jpg,0.9908452014442996
train,05017.jpg,test,00935.jpg,0.9908315294069039
train,05017.jpg,test,02175.jpg,0.9908315294069039
train,05030.jpg,test,00937.jpg,0.9908143421743129
train,05030.jpg,test,02177.jpg,0.9908143421743129
train,04915.jpg,test,02158.jpg,0.9907962218069041
train,05021.jpg,test,02177.jpg,0.9907683218355133
train,05021.jpg,test,00937.jpg,0.9907683218355133
train,05028.jpg,test,00937.jpg,0.9907303383010423
train,05028.jpg,test,02177.jpg,0.9907303383010423
train,05190.jpg,test,02198.jpg,0.9906935673130752
train,05019.jpg,test,00935.jpg,0.9906862304386729
train,05019.jpg,test,02175.jpg,0.9906862304386729
train,05189.jpg,test,02198.jpg,0.9906734584426723
train,01220.jpg,test,01538.jpg,0.990636391827364
train,01220.jpg,test,00439.jpg,0.990636391827364
train,04966.jpg,test,00929.jpg,0.9906353954317394
train,04966.jpg,test,02166.jpg,0.9906353954317394
train,05191.jpg,test,02198.jpg,0.990628168994845
train,01074.jpg,test,00410.jpg,0.990590245750636
train,01074.jpg,test,01510.jpg,0.990590245750636
train,05019.jpg,test,00934.jpg,0.9905631617281854
train,05019.jpg,test,02174.jpg,0.9905631617281854
train,05028.jpg,test,02178.jpg,0.990561814456517
train,01224.jpg,test,01537.jpg,0.9905271045239947
train,01224.jpg,test,00438.jpg,0.9905271045239947
train,05188.jpg,test,00954.jpg,0.990527035055541
train,05188.jpg,test,02200.jpg,0.990527035055541
train,01030.jpg,test,01502.jpg,0.9904704118009355
train,05185.jpg,test,00954.jpg,0.9904608772617187
train,05185.jpg,test,02200.jpg,0.9904608772617187
train,05022.jpg,test,00937.jpg,0.9903893275275795
train,05022.jpg,test,02177.jpg,0.9903893275275795
train,01413.jpg,test,00465.jpg,0.9903817867427125
train,01413.jpg,test,01573.jpg,0.9903817867427125
train,04936.jpg,test,00924.jpg,0.9903030725866193
train,04936.jpg,test,02160.jpg,0.9903030725866193
train,05182.jpg,test,00953.jpg,0.9903006062823606
train,05182.jpg,test,02199.jpg,0.9903006062823606
train,04968.jpg,test,00930.jpg,0.9901951046713496
train,04968.jpg,test,02167.jpg,0.9901951046713496
train,05027.jpg,test,00936.jpg,0.9901571448901605
train,05027.jpg,test,02176.jpg,0.9901571448901605
train,05192.jpg,test,02198.jpg,0.9901540906186355
train,05185.jpg,test,02199.jpg,0.990149123228916
train,05185.jpg,test,00953.jpg,0.990149123228916
train,01092.jpg,test,00422.jpg,0.9901388957528784
train,01092.jpg,test,01514.jpg,0.9901388957528784
train,01018.jpg,test,01499.jpg,0.9901317918395464
train,01018.jpg,test,00402.jpg,0.9901317918395464
train,05028.jpg,test,00936.jpg,0.9900880007795074
train,05028.jpg,test,02176.jpg,0.9900880007795074
train,04989.jpg,test,00931.jpg,0.9900288747365137
train,04989.jpg,test,02170.jpg,0.9900288747365137
train,01229.jpg,test,01539.jpg,0.9900282419057163
train,01229.jpg,test,00440.jpg,0.9900282419057163
train,01027.jpg,test,01502.jpg,0.9900177002653038
train,03081.jpg,test,01879.jpg,0.9899781172959521
train,01230.jpg,test,01540.jpg,0.9899413638197062
train,04994.jpg,test,02170.jpg,0.9899290075643663
train,04994.jpg,test,00931.jpg,0.9899290075643663
train,03082.jpg,test,01879.jpg,0.9898977893135004
train,05023.jpg,test,02176.jpg,0.9898232471932822
train,05023.jpg,test,00936.jpg,0.9898232471932822
train,04993.jpg,test,00931.jpg,0.9898208796001723
train,04993.jpg,test,02170.jpg,0.9898208796001723
train,05182.jpg,test,02200.jpg,0.9898155749123431
train,05182.jpg,test,00954.jpg,0.9898155749123431
train,01021.jpg,test,00403.jpg,0.9897992372393264
train,01021.jpg,test,01501.jpg,0.9897992372393264
train,05020.jpg,test,02175.jpg,0.9897437058775453
train,05020.jpg,test,00935.jpg,0.9897437058775453
train,05073.jpg,test,02183.jpg,0.9897241501633974
train,05021.jpg,test,02176.jpg,0.9896737278950856
train,05021.jpg,test,00936.jpg,0.9896737278950856
train,04906.jpg,test,02155.jpg,0.9896700796696444
train,01230.jpg,test,00439.jpg,0.9896662482210186
train,01230.jpg,test,01538.jpg,0.9896662482210186
train,01023.jpg,test,01500.jpg,0.9895450843637804
train,01021.jpg,test,01499.jpg,0.9895238022796482
train,01021.jpg,test,00402.jpg,0.9895238022796482
train,05032.jpg,test,00937.jpg,0.9894925075583596
train,05032.jpg,test,02177.jpg,0.9894925075583596
train,04905.jpg,test,02155.jpg,0.989458165185493
train,01043.jpg,test,00404.jpg,0.9894092148980396
train,01043.jpg,test,01503.jpg,0.9894092148980396
train,05022.jpg,test,02176.jpg,0.9894048436573385
train,05022.jpg,test,00936.jpg,0.9894048436573385
train,01019.jpg,test,01501.jpg,0.9893313688902049
train,01019.jpg,test,00403.jpg,0.9893313688902049
train,05000.jpg,test,00931.jpg,0.9893245203765967
train,05000.jpg,test,02170.jpg,0.9893245203765967
train,05032.jpg,test,02178.jpg,0.9893062186166862
train,05024.jpg,test,00937.jpg,0.9892880283838439
train,05024.jpg,test,02177.jpg,0.9892880283838439
train,05024.jpg,test,02176.jpg,0.9892790895933888
train,05024.jpg,test,00936.jpg,0.9892790895933888
train,05187.jpg,test,02200.jpg,0.9892761474686494
train,05187.jpg,test,00954.jpg,0.9892761474686494
train,04938.jpg,test,02161.jpg,0.9892755423081492
train,04938.jpg,test,00925.jpg,0.9892755423081492
train,01232.jpg,test,00440.jpg,0.9892442622500114
train,01232.jpg,test,01539.jpg,0.9892442622500114
train,05027.jpg,test,02178.jpg,0.9892344440774359
train,05178.jpg,test,02198.jpg,0.9891903401292306
train,01022.jpg,test,00403.jpg,0.9891719211047801
train,01022.jpg,test,01501.jpg,0.9891719211047801
train,01411.jpg,test,01572.jpg,0.9891361619772328
train,01411.jpg,test,00464.jpg,0.9891361619772328
train,01114.jpg,test,00424.jpg,0.989134302400253
train,01114.jpg,test,01517.jpg,0.989134302400253
train,01057.jpg,test,01503.jpg,0.9891218500566135
train,01057.jpg,test,00404.jpg,0.9891218500566135
train,03085.jpg,test,01879.jpg,0.9891085896177312
train,03076.jpg,test,01879.jpg,0.9890987642698913
train,00972.jpg,test,00396.jpg,0.9890637806656735
train,00972.jpg,test,01491.jpg,0.9890637806656735
train,03084.jpg,test,01879.jpg,0.9890415799958762
train,01018.jpg,test,01501.jpg,0.989029503057902
train,01018.jpg,test,00403.jpg,0.989029503057902
train,05032.jpg,test,00936.jpg,0.9890200595405921
train,05032.jpg,test,02176.jpg,0.9890200595405921
train,05026.jpg,test,02178.jpg,0.9890134370643959
train,01205.jpg,test,01535.jpg,0.9890084665610138
train,05188.jpg,test,02199.jpg,0.9889913872042688
train,05188.jpg,test,00953.jpg,0.9889913872042688
train,05020.jpg,test,00934.jpg,0.9889548552501175
train,05020.jpg,test,02174.jpg,0.9889548552501175
train,03083.jpg,test,01879.jpg,0.9889500474722498
train,04884.jpg,test,00918.jpg,0.9889448539383247
train,04884.jpg,test,02153.jpg,0.9889448539383247
train,05004.jpg,test,00932.jpg,0.9889067040571029
train,05004.jpg,test,02171.jpg,0.9889067040571029
train,01220.jpg,test,01539.jpg,0.988904615230287
train,01220.jpg,test,00440.jpg,0.988904615230287
train,04996.jpg,test,02172.jpg,0.9888968169056946
train,04996.jpg,test,00933.jpg,0.9888968169056946
train,05030.jpg,test,00936.jpg,0.9888860479782604
train,05030.jpg,test,02176.jpg,0.9888860479782604
train,04934.jpg,test,00923.jpg,0.988821568684816
train,04934.jpg,test,02159.jpg,0.988821568684816
train,01021.jpg,test,01500.jpg,0.9888111504249703
train,00928.jpg,test,01479.jpg,0.9887861613768134
train,05179.jpg,test,02199.jpg,0.9887549602316436
train,05179.jpg,test,00953.jpg,0.9887549602316436
train,01412.jpg,test,01572.jpg,0.9887215877481892
train,01412.jpg,test,00464.jpg,0.9887215877481892
train,01112.jpg,test,01516.jpg,0.9887162375441192
train,01112.jpg,test,00423.jpg,0.9887162375441192
train,01039.jpg,test,01503.jpg,0.9887035556174552
train,01039.jpg,test,00404.jpg,0.9887035556174552
train,04933.jpg,test,02159.jpg,0.9886943239347116
train,04933.jpg,test,00923.jpg,0.9886943239347116
train,01199.jpg,test,01533.jpg,0.9886764702493765
train,05184.jpg,test,02198.jpg,0.9886575125211021
train,01023.jpg,test,01499.jpg,0.9886396251508357
train,01023.jpg,test,00402.jpg,0.9886396251508357
train,05080.jpg,test,00942.jpg,0.9885971371290077
train,05080.jpg,test,02185.jpg,0.9885971371290077
train,01232.jpg,test,01538.jpg,0.9885606580673979
train,01232.jpg,test,00439.jpg,0.9885606580673979
train,05018.jpg,test,00934.jpg,0.9885541375190878
train,05018.jpg,test,02174.jpg,0.9885541375190878
train,04936.jpg,test,02159.jpg,0.9885470549899023
train,04936.jpg,test,00923.jpg,0.9885470549899023
train,05068.jpg,test,02183.jpg,0.9885070285144559
train,04942.jpg,test,00925.jpg,0.9884793289893524
train,04942.jpg,test,02161.jpg,0.9884793289893524
train,05031.jpg,test,02178.jpg,0.9884662057962303
train,05134.jpg,test,02192.jpg,0.9884574449790479
train,05134.jpg,test,00948.jpg,0.9884574449790479
train,01111.jpg,test,00423.jpg,0.9884553720873415
train,01111.jpg,test,01516.jpg,0.9884553720873415
train,01056.jpg,test,00404.jpg,0.9884476795464406
train,01056.jpg,test,01503.jpg,0.9884476795464406
train,05015.jpg,test,02174.jpg,0.9884358511347386
train,05015.jpg,test,00934.jpg,0.9884358511347386
train,05018.jpg,test,00935.jpg,0.9884291564758588
train,05018.jpg,test,02175.jpg,0.9884291564758588
train,04935.jpg,test,00924.jpg,0.9884049315925797
train,04935.jpg,test,02160.jpg,0.9884049315925797
train,05180.jpg,test,00953.jpg,0.9883948952180993
train,05180.jpg,test,02199.jpg,0.9883948952180993
train,01066.jpg,test,00410.jpg,0.9883897709215904
train,01066.jpg,test,01510.jpg,0.9883897709215904
train,05023.jpg,test,02178.jpg,0.9883612336433536
train,05015.jpg,test,00935.jpg,0.9883598017758982
train,05015.jpg,test,02175.jpg,0.9883598017758982
train,05186.jpg,test,02199.jpg,0.9883287292202795
train,05186.jpg,test,00953.jpg,0.9883287292202795
train,04936.jpg,test,00925.jpg,0.9883088881676041
train,04936.jpg,test,02161.jpg,0.9883088881676041
train,01229.jpg,test,01540.jpg,0.9882680458672259
train,05193.jpg,test,00953.jpg,0.9881968304907719
train,04968.jpg,test,00928.jpg,0.9881232206965881
train,04968.jpg,test,02165.jpg,0.9881232206965881
train,05030.jpg,test,02178.jpg,0.9881229822175478
train,05184.jpg,test,00955.jpg,0.9881183825823127
train,01205.jpg,test,00436.jpg,0.9881169840920744
train,01205.jpg,test,01534.jpg,0.9881169840920744
train,04943.jpg,test,02161.jpg,0.9881160323521474
train,04943.jpg,test,00925.jpg,0.9881160323521474
train,04934.jpg,test,00924.jpg,0.9881087890380088
train,04934.jpg,test,02160.jpg,0.9881087890380088
train,01020.jpg,test,01501.jpg,0.9880474115659115
train,01020.jpg,test,00403.jpg,0.9880474115659115
train,05078.jpg,test,02186.jpg,0.9880121085343032
train,01029.jpg,test,01501.jpg,0.987978664244674
train,01029.jpg,test,00403.jpg,0.987978664244674
train,03075.jpg,test,01879.jpg,0.9879760145212517
train,04933.jpg,test,00924.jpg,0.9879532540964884
train,04933.jpg,test,02160.jpg,0.9879532540964884
train,03074.jpg,test,01879.jpg,0.9879423619741775
train,01035.jpg,test,01503.jpg,0.9879262342410475
train,01035.jpg,test,00404.jpg,0.9879262342410475
train,01119.jpg,test,01519.jpg,0.9879213196479247
train,01119.jpg,test,00425.jpg,0.9879213196479247
train,04995.jpg,test,02170.jpg,0.9878761793463511
train,04995.jpg,test,00931.jpg,0.9878761793463511
train,03080.jpg,test,01879.jpg,0.9878729371197319
train,00915.jpg,test,01474.jpg,0.9878596426495546
train,00915.jpg,test,00390.jpg,0.9878596426495546
train,00971.jpg,test,01491.jpg,0.9878594114833849
train,00971.jpg,test,00396.jpg,0.9878594114833849
train,03073.jpg,test,01879.jpg,0.9878367988997491
train,01220.jpg,test,01540.jpg,0.9878270310809096
train,01013.jpg,test,01501.jpg,0.9878213960557966
train,01013.jpg,test,00403.jpg,0.9878213960557966
train,00948.jpg,test,01487.jpg,0.9878042006975407
train,04986.jpg,test,02169.jpg,0.9877586361878612
train,04998.jpg,test,00932.jpg,0.9877493772100411
train,04998.jpg,test,02171.jpg,0.9877493772100411
train,04942.jpg,test,02162.jpg,0.9877222600035697
train,04942.jpg,test,00926.jpg,0.9877222600035697
train,04937.jpg,test,02160.jpg,0.9876521910212943
train,04937.jpg,test,00924.jpg,0.9876521910212943
train,04944.jpg,test,00925.jpg,0.9876521462729054
train,04944.jpg,test,02161.jpg,0.9876521462729054
train,03072.jpg,test,01879.jpg,0.987652130323992
train,04937.jpg,test,00925.jpg,0.9876329131611921
train,04937.jpg,test,02161.jpg,0.9876329131611921
train,00930.jpg,test,01480.jpg,0.9875976174686132
train,05176.jpg,test,02200.jpg,0.9875890831239165
train,05176.jpg,test,00954.jpg,0.9875890831239165
train,04930.jpg,test,02161.jpg,0.9875835297739614
train,04930.jpg,test,00925.jpg,0.9875835297739614
train,04932.jpg,test,02159.jpg,0.9875721160449658
train,04932.jpg,test,00923.jpg,0.9875721160449658
train,04914.jpg,test,02157.jpg,0.987556175286561
train,04914.jpg,test,00922.jpg,0.987556175286561
train,01055.jpg,test,00404.jpg,0.9875560852426669
train,01055.jpg,test,01503.jpg,0.9875560852426669
train,04935.jpg,test,00923.jpg,0.9875189862318731
train,04935.jpg,test,02159.jpg,0.9875189862318731
train,04939.jpg,test,02163.jpg,0.9875094409918451
train,05021.jpg,test,02178.jpg,0.9874914106492984
train,04941.jpg,test,00926.jpg,0.987455194307136
train,04941.jpg,test,02162.jpg,0.987455194307136
train,04927.jpg,test,00923.jpg,0.9874549232292893
train,04927.jpg,test,02159.jpg,0.9874549232292893
train,01232.jpg,test,01540.jpg,0.9874476615923603
train,00913.jpg,test,00391.jpg,0.9874156966718323
train,00913.jpg,test,01475.jpg,0.9874156966718323
train,00974.jpg,test,00396.jpg,0.9874087405608848
train,00974.jpg,test,01491.jpg,0.9874087405608848
train,04997.jpg,test,02171.jpg,0.9873705700048325
train,04997.jpg,test,00932.jpg,0.9873705700048325
train,04933.jpg,test,02161.jpg,0.9873656754460622
train,04933.jpg,test,00925.jpg,0.9873656754460622
train,04935.jpg,test,00925.jpg,0.9873020156182105
train,04935.jpg,test,02161.jpg,0.9873020156182105
train,05177.jpg,test,02199.jpg,0.9872712657000523
train,05177.jpg,test,00953.jpg,0.9872712657000523
train,04932.jpg,test,02160.jpg,0.9872642944367208
train,04932.jpg,test,00924.jpg,0.9872642944367208
train,04991.jpg,test,00932.jpg,0.9872559298649352
train,04991.jpg,test,02171.jpg,0.9872559298649352
train,00929.jpg,test,01481.jpg,0.9872507804924683
train,04967.jpg,test,02166.jpg,0.9871378329850335
train,04967.jpg,test,00929.jpg,0.9871378329850335
train,05049.jpg,test,02182.jpg,0.9870949830996812
train,05049.jpg,test,00941.jpg,0.9870949830996812
train,01384.jpg,test,01566.jpg,0.9870708358189199
train,01384.jpg,test,00459.jpg,0.9870708358189199
train,03077.jpg,test,01879.jpg,0.9870552766017722
train,05022.jpg,test,02178.jpg,0.9870493234920515
train,04940.jpg,test,00925.jpg,0.9870368590602607
train,04940.jpg,test,02161.jpg,0.9870368590602607
train,04881.jpg,test,00917.jpg,0.9870362887579287
train,04881.jpg,test,02152.jpg,0.9870362887579287
train,05014.jpg,test,02174.jpg,0.98702415065674
train,05014.jpg,test,00934.jpg,0.98702415065674
train,01022.jpg,test,00402.jpg,0.9870239968216797
train,01022.jpg,test,01499.jpg,0.9870239968216797
train,05014.jpg,test,02175.jpg,0.9869852614639104
train,05014.jpg,test,00935.jpg,0.9869852614639104
train,04977.jpg,test,02164.jpg,0.9869228139300767
train,04977.jpg,test,00927.jpg,0.9869228139300767
train,00964.jpg,test,01488.jpg,0.9869135773849818
train,00964.jpg,test,00393.jpg,0.9869135773849818
train,04938.jpg,test,02160.jpg,0.9869028016050032
train,04938.jpg,test,00924.jpg,0.9869028016050032
train,04912.jpg,test,02158.jpg,0.9868752442699168
train,05178.jpg,test,00955.jpg,0.9868564139651953
train,05194.jpg,test,00954.jpg,0.9868339086311715
train,05194.jpg,test,02200.jpg,0.9868339086311715
train,01019.jpg,test,01500.jpg,0.9868218039054402
train,04944.jpg,test,00924.jpg,0.9867841934665427
train,04944.jpg,test,02160.jpg,0.9867841934665427
train,04937.jpg,test,02159.jpg,0.9867516495293466
train,04937.jpg,test,00923.jpg,0.9867516495293466
train,04886.jpg,test,00918.jpg,0.9866848863223626
train,04886.jpg,test,02153.jpg,0.9866848863223626
train,01020.jpg,test,01500.jpg,0.9866542719348004
train,05179.jpg,test,00954.jpg,0.9866132582662436
train,05179.jpg,test,02200.jpg,0.9866132582662436
train,05177.jpg,test,00954.jpg,0.9865254558597272
train,05177.jpg,test,02200.jpg,0.9865254558597272
train,00947.jpg,test,00392.jpg,0.9865240194281047
train,00947.jpg,test,01486.jpg,0.9865240194281047
train,04930.jpg,test,00923.jpg,0.9865240158116009
train,04930.jpg,test,02159.jpg,0.9865240158116009
train,00916.jpg,test,00390.jpg,0.986522526201905
train,00916.jpg,test,01474.jpg,0.986522526201905
train,04940.jpg,test,02163.jpg,0.9865192997476544
train,04938.jpg,test,00923.jpg,0.986519194044195
train,04938.jpg,test,02159.jpg,0.986519194044195
train,01024.jpg,test,01499.jpg,0.9865109616526372
train,01024.jpg,test,00402.jpg,0.9865109616526372
train,04985.jpg,test,02169.jpg,0.986484022398288
train,00888.jpg,test,00387.jpg,0.986483331004029
train,00888.jpg,test,01463.jpg,0.986483331004029
train,01168.jpg,test,01526.jpg,0.9864657942835299
train,01168.jpg,test,00430.jpg,0.9864657942835299
train,04940.jpg,test,00924.jpg,0.9863797051934263
train,04940.jpg,test,02160.jpg,0.9863797051934263
train,04880.jpg,test,02151.jpg,0.9863776862510321
train,04880.jpg,test,00916.jpg,0.9863776862510321
train,04928.jpg,test,02159.jpg,0.9862590835500239
train,04928.jpg,test,00923.jpg,0.9862590835500239
train,04944.jpg,test,02163.jpg,0.9862456034175743
train,01144.jpg,test,01523.jpg,0.9862127179979749
train,01144.jpg,test,00428.jpg,0.9862127179979749
train,05074.jpg,test,02183.jpg,0.9862085721022247
train,04939.jpg,test,02161.jpg,0.986202337347004
train,04939.jpg,test,00925.jpg,0.986202337347004
train,03078.jpg,test,01879.jpg,0.9861998990755065
train,01024.jpg,test,01500.jpg,0.9861871195587693
train,04943.jpg,test,00924.jpg,0.9861292061531661
train,04943.jpg,test,02160.jpg,0.9861292061531661
train,04927.jpg,test,02160.jpg,0.9860868017485497
train,04927.jpg,test,00924.jpg,0.9860868017485497
train,05180.jpg,test,02200.jpg,0.9860410926039372
train,05180.jpg,test,00954.jpg,0.9860410926039372
train,05001.jpg,test,02171.jpg,0.9860240501888047
train,05001.jpg,test,00932.jpg,0.9860240501888047
train,01018.jpg,test,01500.jpg,0.9859906426842738
train,01410.jpg,test,01572.jpg,0.9859744335830984
train,01410.jpg,test,00464.jpg,0.9859744335830984
train,01413.jpg,test,00466.jpg,0.9858717633919853
train,01413.jpg,test,01574.jpg,0.9858717633919853
train,05096.jpg,test,00943.jpg,0.985863276794225
train,05096.jpg,test,02187.jpg,0.985863276794225
train,00972.jpg,test,01490.jpg,0.985839750534386
train,00972.jpg,test,00395.jpg,0.985839750534386
train,04943.jpg,test,02163.jpg,0.9858071447130683
train,05099.jpg,test,00944.jpg,0.9857671374913437
train,05099.jpg,test,02188.jpg,0.9857671374913437
train,05100.jpg,test,00943.jpg,0.985766404779711
train,05100.jpg,test,02187.jpg,0.985766404779711
train,04950.jpg,test,02163.jpg,0.9857020127743719
train,04934.jpg,test,00925.jpg,0.9856987962328663
train,04934.jpg,test,02161.jpg,0.9856987962328663
train,01204.jpg,test,01535.jpg,0.9856885919229942
train,04943.jpg,test,00926.jpg,0.9856664324543898
train,04943.jpg,test,02162.jpg,0.9856664324543898
train,00930.jpg,test,01481.jpg,0.9856067858478529
train,04939.jpg,test,00924.jpg,0.9855874140406103
train,04939.jpg,test,02160.jpg,0.9855874140406103
train,05078.jpg,test,00942.jpg,0.9855860276139924
train,05078.jpg,test,02185.jpg,0.9855860276139924
train,00991.jpg,test,01493.jpg,0.9855783403260925
train,00991.jpg,test,00397.jpg,0.9855783403260925
train,04924.jpg,test,00923.jpg,0.9855689961232811
train,04924.jpg,test,02159.jpg,0.9855689961232811
train,01414.jpg,test,01574.jpg,0.9855569758152667
train,01414.jpg,test,00466.jpg,0.9855569758152667
train,05087.jpg,test,02186.jpg,0.9855462910917816
train,01062.jpg,test,00404.jpg,0.9854750031412165
train,01062.jpg,test,01503.jpg,0.9854750031412165
train,01195.jpg,test,01531.jpg,0.9854712120876393
train,01195.jpg,test,00434.jpg,0.9854712120876393
train,00375.jpg,test,01021.jpg,0.9854541896161829
train,05136.jpg,test,02192.jpg,0.9854385929529869
train,05136.jpg,test,00948.jpg,0.9854385929529869
train,04949.jpg,test,00925.jpg,0.9854362615921621
train,04949.jpg,test,02161.jpg,0.9854362615921621
train,01405.jpg,test,00465.jpg,0.9854119893521494
train,01405.jpg,test,01573.jpg,0.9854119893521494
train,00968.jpg,test,01490.jpg,0.9853855234895872
train,00968.jpg,test,00395.jpg,0.9853855234895872
train,05076.jpg,test,02184.jpg,0.9853467747418573
train,04984.jpg,test,02169.jpg,0.9853383092059828
train,01200.jpg,test,01533.jpg,0.9853165929597294
train,04851.jpg,test,00914.jpg,0.9852229105284697
train,04851.jpg,test,02149.jpg,0.9852229105284697
train,01012.jpg,test,00403.jpg,0.9851950861197469
train,01012.jpg,test,01501.jpg,0.9851950861197469
train,04907.jpg,test,02156.jpg,0.9851918797057738
train,04907.jpg,test,00920.jpg,0.9851918797057738
train,04944.jpg,test,00923.jpg,0.9851741056772698
train,04944.jpg,test,02159.jpg,0.9851741056772698
train,01093.jpg,test,01515.jpg,0.985156236614965
train,00969.jpg,test,00394.jpg,0.9851112788188037
train,00969.jpg,test,01489.jpg,0.9851112788188037
train,04900.jpg,test,02155.jpg,0.985085262955749
train,04927.jpg,test,02161.jpg,0.9850686414671836
train,04927.jpg,test,00925.jpg,0.9850686414671836
train,05076.jpg,test,02183.jpg,0.985068126449285
train,04936.jpg,test,02163.jpg,0.9850546370522891
train,05095.jpg,test,00943.jpg,0.985047989041114
train,05095.jpg,test,02187.jpg,0.985047989041114
train,00931.jpg,test,01480.jpg,0.9850134118715713
train,01123.jpg,test,01520.jpg,0.9849911002096728
train,05031.jpg,test,00936.jpg,0.9849900396804913
train,05031.jpg,test,02176.jpg,0.9849900396804913
train,01141.jpg,test,00426.jpg,0.9849763762502848
train,01141.jpg,test,01521.jpg,0.9849763762502848
train,04940.jpg,test,02159.jpg,0.9849430716104509
train,04940.jpg,test,00923.jpg,0.9849430716104509
train,04930.jpg,test,02160.jpg,0.9849196957931399
train,04930.jpg,test,00924.jpg,0.9849196957931399
train,04935.jpg,test,02163.jpg,0.9849102578949215
train,04923.jpg,test,02159.jpg,0.9849060096433918
train,04923.jpg,test,00923.jpg,0.9849060096433918
train,05003.jpg,test,00932.jpg,0.9848705035828981
train,05003.jpg,test,02171.jpg,0.9848705035828981
train,05005.jpg,test,00932.jpg,0.9848515096008813
train,05005.jpg,test,02171.jpg,0.9848515096008813
train,00989.jpg,test,01493.jpg,0.9848462987711586
train,00989.jpg,test,00397.jpg,0.9848462987711586
train,01068.jpg,test,00408.jpg,0.9848354270783068
train,01068.jpg,test,01508.jpg,0.9848354270783068
train,01060.jpg,test,01507.jpg,0.9848118898128215
train,01059.jpg,test,01507.jpg,0.9847963419270872
train,04940.jpg,test,02162.jpg,0.9847865336988721
train,04940.jpg,test,00926.jpg,0.9847865336988721
train,01145.jpg,test,01523.jpg,0.9847545131733013
train,01145.jpg,test,00428.jpg,0.9847545131733013
train,04898.jpg,test,02155.jpg,0.9847303686641715
train,05074.jpg,test,02184.jpg,0.9847245845616331
train,04941.jpg,test,02161.jpg,0.9846610982149389
train,04941.jpg,test,00925.jpg,0.9846610982149389
train,04882.jpg,test,02152.jpg,0.9846307623260028
train,04882.jpg,test,00917.jpg,0.9846307623260028
train,04979.jpg,test,02168.jpg,0.9846292499248166
train,04943.jpg,test,02159.jpg,0.9846145289173998
train,04943.jpg,test,00923.jpg,0.9846145289173998
train,04949.jpg,test,00924.jpg,0.9845919242982311
train,04949.jpg,test,02160.jpg,0.9845919242982311
train,01405.jpg,test,01574.jpg,0.9845907909393944
train,01405.jpg,test,00466.jpg,0.9845907909393944
train,00887.jpg,test,00387.jpg,0.984558390024084
train,00887.jpg,test,01463.jpg,0.984558390024084
train,04948.jpg,test,02163.jpg,0.9845563845502608
train,01125.jpg,test,01520.jpg,0.9845115483933182
train,04913.jpg,test,02158.jpg,0.9844477501121003
train,04926.jpg,test,02162.jpg,0.9843969655633614
train,04926.jpg,test,00926.jpg,0.9843969655633614
train,01117.jpg,test,01519.jpg,0.9843714318325576
train,01117.jpg,test,00425.jpg,0.9843714318325576
train,05026.jpg,test,02177.jpg,0.9843423601088378
train,05026.jpg,test,00937.jpg,0.9843423601088378
train,01013.jpg,test,01499.jpg,0.984315740812121
train,01013.jpg,test,00402.jpg,0.984315740812121
train,05026.jpg,test,00936.jpg,0.9843095293059904
train,05026.jpg,test,02176.jpg,0.9843095293059904
train,01013.jpg,test,01500.jpg,0.9842898296935372
train,01383.jpg,test,00459.jpg,0.9842814613765304
train,01383.jpg,test,01566.jpg,0.9842814613765304
train,01011.jpg,test,00403.jpg,0.9842572933110324
train,01011.jpg,test,01501.jpg,0.9842572933110324
train,04939.jpg,test,02159.jpg,0.9842514406075463
train,04939.jpg,test,00923.jpg,0.9842514406075463
train,04930.jpg,test,00926.jpg,0.9842425962854071
train,04930.jpg,test,02162.jpg,0.9842425962854071
train,04977.jpg,test,02166.jpg,0.9842342405775523
train,04977.jpg,test,00929.jpg,0.9842342405775523
train,05031.jpg,test,00937.jpg,0.9842216120376935
train,05031.jpg,test,02177.jpg,0.9842216120376935
train,05086.jpg,test,02185.jpg,0.9841645023921854
train,05086.jpg,test,00942.jpg,0.9841645023921854
train,00932.jpg,test,01480.jpg,0.9841218103770092
train,04922.jpg,test,02159.jpg,0.9840927244523107
train,04922.jpg,test,00923.jpg,0.9840927244523107
train,04899.jpg,test,02157.jpg,0.9840775893936285
train,04899.jpg,test,00922.jpg,0.9840775893936285
train,04924.jpg,test,02160.jpg,0.9840590058216372
train,04924.jpg,test,00924.jpg,0.9840590058216372
train,05100.jpg,test,02188.jpg,0.9840437114645854
train,05100.jpg,test,00944.jpg,0.9840437114645854
train,05154.jpg,test,02194.jpg,0.9839993768453773
train,05154.jpg,test,00949.jpg,0.9839993768453773
train,05016.jpg,test,00934.jpg,0.9839914032992353
train,05016.jpg,test,02174.jpg,0.9839914032992353
train,04966.jpg,test,02164.jpg,0.9839875514950344
train,04966.jpg,test,00927.jpg,0.9839875514950344
train,04882.jpg,test,00918.jpg,0.9839449793680116
train,04882.jpg,test,02153.jpg,0.9839449793680116
train,04948.jpg,test,00926.jpg,0.9838773658474083
train,04948.jpg,test,02162.jpg,0.9838773658474083
train,04944.jpg,test,02162.jpg,0.9838606993332205
train,04944.jpg,test,00926.jpg,0.9838606993332205
train,04928.jpg,test,00924.jpg,0.9838496557838368
train,04928.jpg,test,02160.jpg,0.9838496557838368
train,04939.jpg,test,00926.jpg,0.9838455234936107
train,04939.jpg,test,02162.jpg,0.9838455234936107
train,04949.jpg,test,00923.jpg,0.9838389786327321
train,04949.jpg,test,02159.jpg,0.9838389786327321
train,04850.jpg,test,02149.jpg,0.9838344107949405
train,04850.jpg,test,00914.jpg,0.9838344107949405
train,04924.jpg,test,02161.jpg,0.9838080652368065
train,04924.jpg,test,00925.jpg,0.9838080652368065
train,04938.jpg,test,02162.jpg,0.9837699746213472
train,04938.jpg,test,00926.jpg,0.9837699746213472
train,04942.jpg,test,02160.jpg,0.9837419297854253
train,04942.jpg,test,00924.jpg,0.9837419297854253
train,01406.jpg,test,01574.jpg,0.9837205587489432
train,01406.jpg,test,00466.jpg,0.9837205587489432
train,04894.jpg,test,02155.jpg,0.9837110095343062
train,01036.jpg,test,00410.jpg,0.9836940454440852
train,01036.jpg,test,01510.jpg,0.9836940454440852
train,04951.jpg,test,00925.jpg,0.9836513354204957
train,04951.jpg,test,02161.jpg,0.9836513354204957
train,05026.jpg,test,02175.jpg,0.9836457104742333
train,05026.jpg,test,00935.jpg,0.9836457104742333
train,04928.jpg,test,00925.jpg,0.9836146770794093
train,04928.jpg,test,02161.jpg,0.9836146770794093
train,04949.jpg,test,02163.jpg,0.9835757641809668
train,00946.jpg,test,01487.jpg,0.9835723840733513
train,04956.jpg,test,00925.jpg,0.9835668843887619
train,04956.jpg,test,02161.jpg,0.9835668843887619
train,04831.jpg,test,00913.jpg,0.9835435396944392
train,04955.jpg,test,00925.jpg,0.9835263810628372
train,04955.jpg,test,02161.jpg,0.9835263810628372
train,01029.jpg,test,01499.jpg,0.9834959863283671
train,01029.jpg,test,00402.jpg,0.9834959863283671
train,01052.jpg,test,01507.jpg,0.9834834509445425
train,01014.jpg,test,00403.jpg,0.9834646403412828
train,01014.jpg,test,01501.jpg,0.9834646403412828
train,04968.jpg,test,02168.jpg,0.9834627260785024
train,04983.jpg,test,02164.jpg,0.9834506994382034
train,04983.jpg,test,00927.jpg,0.9834506994382034
train,04953.jpg,test,02161.jpg,0.9834422944891024
train,04953.jpg,test,00925.jpg,0.9834422944891024
train,04883.jpg,test,02151.jpg,0.9834319896789075
train,04883.jpg,test,00916.jpg,0.9834319896789075
train,04945.jpg,test,02161.jpg,0.9834178549391592
train,04945.jpg,test,00925.jpg,0.9834178549391592
train,01206.jpg,test,01534.jpg,0.9833705888692685
train,01206.jpg,test,00436.jpg,0.9833705888692685
train,04929.jpg,test,00925.jpg,0.9833598815923108
train,04929.jpg,test,02161.jpg,0.9833598815923108
train,04954.jpg,test,02161.jpg,0.983341674476803
train,04954.jpg,test,00925.jpg,0.983341674476803
train,01096.jpg,test,01515.jpg,0.9833380097887786
train,04942.jpg,test,02163.jpg,0.9833369329721362
train,04922.jpg,test,00925.jpg,0.9833057494649149
train,04922.jpg,test,02161.jpg,0.9833057494649149
train,04951.jpg,test,00926.jpg,0.9833004708896428
train,04951.jpg,test,02162.jpg,0.9833004708896428
train,04942.jpg,test,02159.jpg,0.9832855772757364
train,04942.jpg,test,00923.jpg,0.9832855772757364
train,05016.jpg,test,00935.jpg,0.9832355146539967
train,05016.jpg,test,02175.jpg,0.9832355146539967
train,04932.jpg,test,00925.jpg,0.9831938321023529
train,04932.jpg,test,02161.jpg,0.9831938321023529
train,01053.jpg,test,01507.jpg,0.9831614519959258
train,01029.jpg,test,01500.jpg,0.9831390608445366
train,03079.jpg,test,01879.jpg,0.9830726961382525
train,01037.jpg,test,01503.jpg,0.9830649161224881
train,01037.jpg,test,00404.jpg,0.9830649161224881
train,04952.jpg,test,02162.jpg,0.9830368951029798
train,04952.jpg,test,00926.jpg,0.9830368951029798
train,01092.jpg,test,01515.jpg,0.983012551715263
train,01014.jpg,test,00402.jpg,0.9830087425608439
train,01014.jpg,test,01499.jpg,0.9830087425608439
train,04922.jpg,test,00924.jpg,0.98298947327174
train,04922.jpg,test,02160.jpg,0.98298947327174
train,01093.jpg,test,01514.jpg,0.9829290331720777
train,01093.jpg,test,00422.jpg,0.9829290331720777
train,01406.jpg,test,01573.jpg,0.9829286067885631
train,01406.jpg,test,00465.jpg,0.9829286067885631
train,04947.jpg,test,00925.jpg,0.9828944657108287
train,04947.jpg,test,02161.jpg,0.9828944657108287
train,01063.jpg,test,01503.jpg,0.9828618548160197
train,01063.jpg,test,00404.jpg,0.9828618548160197
train,05031.jpg,test,02175.jpg,0.9828170489597196
train,05031.jpg,test,00935.jpg,0.9828170489597196
train,04935.jpg,test,00926.jpg,0.9827940287501621
train,04935.jpg,test,02162.jpg,0.9827940287501621
train,01121.jpg,test,01520.jpg,0.9827526122908719
train,04929.jpg,test,00923.jpg,0.9827231692625469
train,04929.jpg,test,02159.jpg,0.9827231692625469
train,04999.jpg,test,02170.jpg,0.9827067363960935
train,04999.jpg,test,00931.jpg,0.9827067363960935
train,04936.jpg,test,00926.jpg,0.9827042367308111
train,04936.jpg,test,02162.jpg,0.9827042367308111
train,04945.jpg,test,02162.jpg,0.9827022333766124
train,04945.jpg,test,00926.jpg,0.9827022333766124
train,04879.jpg,test,02154.jpg,0.9826929036439185
train,04879.jpg,test,00919.jpg,0.9826929036439185
train,05089.jpg,test,00942.jpg,0.9826839828209926
train,05089.jpg,test,02185.jpg,0.9826839828209926
train,01091.jpg,test,00422.jpg,0.9826701701947164
train,01091.jpg,test,01514.jpg,0.9826701701947164
train,05002.jpg,test,00932.jpg,0.9826628402923826
train,05002.jpg,test,02171.jpg,0.9826628402923826
train,04923.jpg,test,00924.jpg,0.9826621248687282
train,04923.jpg,test,02160.jpg,0.9826621248687282
train,00994.jpg,test,01495.jpg,0.9825798832041137
train,00994.jpg,test,00399.jpg,0.9825798832041137
train,01108.jpg,test,01516.jpg,0.9825550564199483
train,01108.jpg,test,00423.jpg,0.9825550564199483
train,01095.jpg,test,01515.jpg,0.9825443361462384
train,04987.jpg,test,02168.jpg,0.982512355595737
train,01126.jpg,test,01520.jpg,0.9825008950016123
train,04988.jpg,test,02168.jpg,0.9824703345373055
train,04950.jpg,test,02161.jpg,0.982456195071551
train,04950.jpg,test,00925.jpg,0.982456195071551
train,04982.jpg,test,02168.jpg,0.9824554065576434
train,04833.jpg,test,00913.jpg,0.9824511454634968
train,04975.jpg,test,02168.jpg,0.9823652756514575
train,04923.jpg,test,02161.jpg,0.9822917284495245
train,04923.jpg,test,00925.jpg,0.9822917284495245
train,04885.jpg,test,00917.jpg,0.9822487280290726
train,04885.jpg,test,02152.jpg,0.9822487280290726
train,01146.jpg,test,00429.jpg,0.9822425518690449
train,01146.jpg,test,01524.jpg,0.9822425518690449
train,00970.jpg,test,00395.jpg,0.9822391678156993
train,00970.jpg,test,01490.jpg,0.9822391678156993
train,00886.jpg,test,01463.jpg,0.9821887699943548
train,00886.jpg,test,00387.jpg,0.9821887699943548
train,05026.jpg,test,00934.jpg,0.9821879898036897
train,05026.jpg,test,02174.jpg,0.9821879898036897
train,01203.jpg,test,01535.jpg,0.9821307712255115
train,04954.jpg,test,02160.jpg,0.9820695809729246
train,04954.jpg,test,00924.jpg,0.9820695809729246
train,04982.jpg,test,02169.jpg,0.9820494442046552
train,04952.jpg,test,00925.jpg,0.9820425390284805
train,04952.jpg,test,02161.jpg,0.9820425390284805
train,04879.jpg,test,02152.jpg,0.9820050127894326
train,04879.jpg,test,00917.jpg,0.9820050127894326
train,01011.jpg,test,00402.jpg,0.9819911043724694
train,01011.jpg,test,01499.jpg,0.9819911043724694
train,04950.jpg,test,00924.jpg,0.9819886763992898
train,04950.jpg,test,02160.jpg,0.9819886763992898
train,00974.jpg,test,01492.jpg,0.9819712384552125
train,04830.jpg,test,00910.jpg,0.9819593873871372
train,05020.jpg,test,02178.jpg,0.9819405893766607
train,04949.jpg,test,00926.jpg,0.9819303441631069
train,04949.jpg,test,02162.jpg,0.9819303441631069
train,04834.jpg,test,00913.jpg,0.9818243000010343
train,04833.jpg,test,02148.jpg,0.9818202902467248
train,04833.jpg,test,00912.jpg,0.9818202902467248
train,04827.jpg,test,02148.jpg,0.9818178402455484
train,04827.jpg,test,00912.jpg,0.9818178402455484
train,04948.jpg,test,00925.jpg,0.9817861167661659
train,04948.jpg,test,02161.jpg,0.9817861167661659
train,04831.jpg,test,00912.jpg,0.9817686027146313
train,04831.jpg,test,02148.jpg,0.9817686027146313
train,04912.jpg,test,00921.jpg,0.9817306559917968
train,04953.jpg,test,00924.jpg,0.9816925534872608
train,04953.jpg,test,02160.jpg,0.9816925534872608
train,01011.jpg,test,01500.jpg,0.9816917572350881
train,04904.jpg,test,00922.jpg,0.9816722550871254
train,04904.jpg,test,02157.jpg,0.9816722550871254
train,04828.jpg,test,00912.jpg,0.9816598581819423
train,04828.jpg,test,02148.jpg,0.9816598581819423
train,04885.jpg,test,00918.jpg,0.9816491704788483
train,04885.jpg,test,02153.jpg,0.9816491704788483
train,01064.jpg,test,01503.jpg,0.9816271572497398
train,01064.jpg,test,00404.jpg,0.9816271572497398
train,04947.jpg,test,00924.jpg,0.9815980012342712
train,04947.jpg,test,02160.jpg,0.9815980012342712
train,04829.jpg,test,00913.jpg,0.9815967434633289
train,05176.jpg,test,02199.jpg,0.9815361036767051
train,05176.jpg,test,00953.jpg,0.9815361036767051
train,04933.jpg,test,02163.jpg,0.9815172671458319
train,05047.jpg,test,00940.jpg,0.9814938921053239
train,05047.jpg,test,02181.jpg,0.9814938921053239
train,04947.jpg,test,02162.jpg,0.9814805702970846
train,04947.jpg,test,00926.jpg,0.9814805702970846
train,04902.jpg,test,00921.jpg,0.9814432138227208
train,04884.jpg,test,02152.jpg,0.9814189682402881
train,04884.jpg,test,00917.jpg,0.9814189682402881
train,05031.jpg,test,00934.jpg,0.9813742738167949
train,05031.jpg,test,02174.jpg,0.9813742738167949
train,04926.jpg,test,00925.jpg,0.9813619412307117
train,04926.jpg,test,02161.jpg,0.9813619412307117
train,00949.jpg,test,01487.jpg,0.9813201012784004
train,04956.jpg,test,02160.jpg,0.9813056205923171
train,04956.jpg,test,00924.jpg,0.9813056205923171
train,04933.jpg,test,02162.jpg,0.9813022313548894
train,04933.jpg,test,00926.jpg,0.9813022313548894
train,04953.jpg,test,02162.jpg,0.9812612879890186
train,04953.jpg,test,00926.jpg,0.9812612879890186
train,04979.jpg,test,02169.jpg,0.9812282858485033
train,04955.jpg,test,00924.jpg,0.9812250915323907
train,04955.jpg,test,02160.jpg,0.9812250915323907
train,05013.jpg,test,02174.jpg,0.9811984708586391
train,05013.jpg,test,00934.jpg,0.9811984708586391
train,01012.jpg,test,01500.jpg,0.9811546569139831
train,04947.jpg,test,00923.jpg,0.9811519246262755
train,04947.jpg,test,02159.jpg,0.9811519246262755
train,04954.jpg,test,02163.jpg,0.9811373598027536
train,01382.jpg,test,01566.jpg,0.981129008735039
train,01382.jpg,test,00459.jpg,0.981129008735039
train,04830.jpg,test,00913.jpg,0.9810479745329644
train,04954.jpg,test,02159.jpg,0.9810249258331131
train,04954.jpg,test,00923.jpg,0.9810249258331131
train,05048.jpg,test,02181.jpg,0.9809912574646631
train,05048.jpg,test,00940.jpg,0.9809912574646631
train,04830.jpg,test,00912.jpg,0.9809888289991225
train,04830.jpg,test,02148.jpg,0.9809888289991225
train,04827.jpg,test,00910.jpg,0.9809649474386031
train,05073.jpg,test,02184.jpg,0.9809573183342991
train,04937.jpg,test,02162.jpg,0.9808659036477572
train,04937.jpg,test,00926.jpg,0.9808659036477572
train,04960.jpg,test,02163.jpg,0.9808422803677492
train,04925.jpg,test,00925.jpg,0.9808410856540979
train,04925.jpg,test,02161.jpg,0.9808410856540979
train,00999.jpg,test,01497.jpg,0.9808130093446801
train,04932.jpg,test,02163.jpg,0.9807873340166683
train,04916.jpg,test,02155.jpg,0.9807710103676986
train,04950.jpg,test,00923.jpg,0.9807406723805765
train,04950.jpg,test,02159.jpg,0.9807406723805765
train,01407.jpg,test,00465.jpg,0.9807383550047964
train,01407.jpg,test,01573.jpg,0.9807383550047964
train,04955.jpg,test,00926.jpg,0.9807375530255636
train,04955.jpg,test,02162.jpg,0.9807375530255636
train,01057.jpg,test,01504.jpg,0.9807277179621584
train,01057.jpg,test,00405.jpg,0.9807277179621584
train,04956.jpg,test,00923.jpg,0.9807193584335347
train,04956.jpg,test,02159.jpg,0.9807193584335347
train,04953.jpg,test,02159.jpg,0.9806905143311982
train,04953.jpg,test,00923.jpg,0.9806905143311982
train,04828.jpg,test,00913.jpg,0.9806599373919612
train,04951.jpg,test,00924.jpg,0.9806542278672089
train,04951.jpg,test,02160.jpg,0.9806542278672089
train,01012.jpg,test,00402.jpg,0.9806383350803327
train,01012.jpg,test,01499.jpg,0.9806383350803327
train,04967.jpg,test,02164.jpg,0.9806014795171011
train,04967.jpg,test,00927.jpg,0.9806014795171011
train,04951.jpg,test,02163.jpg,0.9805886443560555
train,01100.jpg,test,01515.jpg,0.9805715433111856
train,04929.jpg,test,02160.jpg,0.9805568542520752
train,04929.jpg,test,00924.jpg,0.9805568542520752
train,04957.jpg,test,02161.jpg,0.9805270333714038
train,04957.jpg,test,00925.jpg,0.9805270333714038
train,04950.jpg,test,02162.jpg,0.9805111883694434
train,04950.jpg,test,00926.jpg,0.9805111883694434
train,04947.jpg,test,02163.jpg,0.9804444554626613
train,01096.jpg,test,01514.jpg,0.980429242956934
train,01096.jpg,test,00422.jpg,0.980429242956934
train,05015.jpg,test,02178.jpg,0.9804098558077066
train,04958.jpg,test,02162.jpg,0.9803385932136406
train,04958.jpg,test,00926.jpg,0.9803385932136406
train,04825.jpg,test,02148.jpg,0.9803134251819312
train,04952.jpg,test,02163.jpg,0.9802979002800623
train,01381.jpg,test,01566.jpg,0.9802750773338308
train,01381.jpg,test,00459.jpg,0.9802750773338308
train,04955.jpg,test,00923.jpg,0.9802566248576579
train,04955.jpg,test,02159.jpg,0.9802566248576579
train,01127.jpg,test,01520.jpg,0.9802474678716345
train,04953.jpg,test,02163.jpg,0.9802398283222732
train,04903.jpg,test,00921.jpg,0.9801243514706611
train,00904.jpg,test,01470.jpg,0.9801155750175693
train,04879.jpg,test,00918.jpg,0.9801047897705684
train,04879.jpg,test,02153.jpg,0.9801047897705684
train,04925.jpg,test,00926.jpg,0.9800649718570917
train,04925.jpg,test,02162.jpg,0.9800649718570917
train,05097.jpg,test,00943.jpg,0.9800525574310812
train,05097.jpg,test,02187.jpg,0.9800525574310812
train,04956.jpg,test,00926.jpg,0.9799878146240146
train,04956.jpg,test,02162.jpg,0.9799878146240146
train,04951.jpg,test,02159.jpg,0.9799316577858936
train,04951.jpg,test,00923.jpg,0.9799316577858936
train,04882.jpg,test,02154.jpg,0.9799287047170001
train,04882.jpg,test,00919.jpg,0.9799287047170001
train,01225.jpg,test,00438.jpg,0.9799274353667774
train,01225.jpg,test,01537.jpg,0.9799274353667774
train,01014.jpg,test,01500.jpg,0.9798366251124218
train,04937.jpg,test,02163.jpg,0.9797870573537004
train,04829.jpg,test,00912.jpg,0.9797817098260733
train,04829.jpg,test,02148.jpg,0.9797817098260733
train,04984.jpg,test,02168.jpg,0.9797705640293752
train,05020.jpg,test,00936.jpg,0.979745185641595
train,05020.jpg,test,02176.jpg,0.979745185641595
train,05175.jpg,test,00954.jpg,0.9797158371774037
train,05175.jpg,test,02200.jpg,0.9797158371774037
train,05181.jpg,test,02199.jpg,0.9797097945005532
train,05181.jpg,test,00953.jpg,0.9797097945005532
train,04956.jpg,test,02163.jpg,0.9796755098322655
train,05013.jpg,test,02175.jpg,0.9796636052726647
train,05013.jpg,test,00935.jpg,0.9796636052726647
train,01046.jpg,test,01503.jpg,0.979662603668873
train,01046.jpg,test,00404.jpg,0.979662603668873
train,04955.jpg,test,02163.jpg,0.9796556345040254
train,04903.jpg,test,02158.jpg,0.979647530142682
train,01090.jpg,test,01514.jpg,0.979572924774387
train,01090.jpg,test,00422.jpg,0.979572924774387
train,04952.jpg,test,00924.jpg,0.9795707644969843
train,04952.jpg,test,02160.jpg,0.9795707644969843
train,04938.jpg,test,02163.jpg,0.9795074289080508
train,04986.jpg,test,02168.jpg,0.979498713378802
train,04988.jpg,test,02165.jpg,0.9794929904574291
train,04988.jpg,test,00928.jpg,0.9794929904574291
train,01051.jpg,test,01507.jpg,0.9794551846123408
train,05024.jpg,test,00935.jpg,0.9793787938225458
train,05024.jpg,test,02175.jpg,0.9793787938225458
train,04924.jpg,test,02163.jpg,0.9793592245694888
train,04954.jpg,test,00926.jpg,0.9793258829827439
train,04954.jpg,test,02162.jpg,0.9793258829827439
train,00970.jpg,test,00394.jpg,0.9792973525408641
train,00970.jpg,test,01489.jpg,0.9792973525408641
train,04957.jpg,test,02162.jpg,0.9792790292702416
train,04957.jpg,test,00926.jpg,0.9792790292702416
train,01407.jpg,test,00466.jpg,0.9792509930151791
train,01407.jpg,test,01574.jpg,0.9792509930151791
train,04985.jpg,test,02168.jpg,0.979242687908469
train,01010.jpg,test,01501.jpg,0.9792212187487549
train,01010.jpg,test,00403.jpg,0.9792212187487549
train,05087.jpg,test,02185.jpg,0.979211339471299
train,05087.jpg,test,00942.jpg,0.979211339471299
train,01056.jpg,test,01504.jpg,0.9791824586906427
train,01056.jpg,test,00405.jpg,0.9791824586906427
train,04881.jpg,test,02153.jpg,0.9791763402293719
train,04881.jpg,test,00918.jpg,0.9791763402293719
train,04948.jpg,test,00924.jpg,0.9791636108189643
train,04948.jpg,test,02160.jpg,0.9791636108189643
train,04831.jpg,test,00910.jpg,0.9791388329450986
train,04924.jpg,test,02162.jpg,0.9791017073081296
train,04924.jpg,test,00926.jpg,0.9791017073081296
train,01402.jpg,test,00459.jpg,0.9790502192658576
train,01402.jpg,test,01566.jpg,0.9790502192658576
train,04832.jpg,test,00913.jpg,0.9790397334561649
train,04901.jpg,test,00921.jpg,0.9790309161709337
train,00973.jpg,test,01492.jpg,0.9789699632336506
train,05006.jpg,test,00932.jpg,0.9789581082496891
train,05006.jpg,test,02171.jpg,0.9789581082496891
train,01035.jpg,test,01504.jpg,0.9789370242978029
train,01035.jpg,test,00405.jpg,0.9789370242978029
train,01095.jpg,test,01514.jpg,0.978918247468816
train,01095.jpg,test,00422.jpg,0.978918247468816
train,01141.jpg,test,01522.jpg,0.9788418891644409
train,01141.jpg,test,00427.jpg,0.9788418891644409
train,00973.jpg,test,00395.jpg,0.9788223456019488
train,00973.jpg,test,01490.jpg,0.9788223456019488
train,00893.jpg,test,01465.jpg,0.9788122377413004
train,01145.jpg,test,01522.jpg,0.9787759627935132
train,01145.jpg,test,00427.jpg,0.9787759627935132
train,04934.jpg,test,02163.jpg,0.9787731213970197
train,04952.jpg,test,00923.jpg,0.9787673449862277
train,04952.jpg,test,02159.jpg,0.9787673449862277
train,05099.jpg,test,00943.jpg,0.9787510411294553
train,05099.jpg,test,02187.jpg,0.9787510411294553
train,04836.jpg,test,00913.jpg,0.9787357205611276
train,01152.jpg,test,01522.jpg,0.978720867848738
train,01152.jpg,test,00427.jpg,0.978720867848738
train,05080.jpg,test,02186.jpg,0.9787176346885632
train,05068.jpg,test,02184.jpg,0.9787131243995975
train,04957.jpg,test,00924.jpg,0.9786113674659329
train,04957.jpg,test,02160.jpg,0.9786113674659329
train,04987.jpg,test,00928.jpg,0.9786059571828186
train,04987.jpg,test,02165.jpg,0.9786059571828186
train,04834.jpg,test,02148.jpg,0.9786056591528011
train,04834.jpg,test,00912.jpg,0.9786056591528011
train,04827.jpg,test,00913.jpg,0.9785988159188603
train,04881.jpg,test,02154.jpg,0.9785840796625622
train,04881.jpg,test,00919.jpg,0.9785840796625622
train,04927.jpg,test,02163.jpg,0.9785751719797041
train,01401.jpg,test,00459.jpg,0.9785503518077024
train,01401.jpg,test,01566.jpg,0.9785503518077024
train,04913.jpg,test,00921.jpg,0.9784986567985141
train,01039.jpg,test,01504.jpg,0.9784260626987099
train,01039.jpg,test,00405.jpg,0.9784260626987099
train,04957.jpg,test,02163.jpg,0.9783946827520478
train,05024.jpg,test,00934.jpg,0.9783863917404091
train,05024.jpg,test,02174.jpg,0.9783863917404091
train,00995.jpg,test,01495.jpg,0.9783439724919508
train,00995.jpg,test,00399.jpg,0.9783439724919508
train,05194.jpg,test,02199.jpg,0.9783208494615929
train,04925.jpg,test,02159.jpg,0.9783132233205144
train,04925.jpg,test,00923.jpg,0.9783132233205144
train,04958.jpg,test,02163.jpg,0.9783010765499771
train,04948.jpg,test,02159.jpg,0.9782677168792053
train,04948.jpg,test,00923.jpg,0.9782677168792053
train,04941.jpg,test,00924.jpg,0.978193975433325
train,04941.jpg,test,02160.jpg,0.978193975433325
train,04941.jpg,test,00923.jpg,0.9781800522408662
train,04941.jpg,test,02159.jpg,0.9781800522408662
train,01043.jpg,test,01504.jpg,0.9781515712640915
train,01043.jpg,test,00405.jpg,0.9781515712640915
train,01055.jpg,test,00405.jpg,0.9781469951412741
train,01055.jpg,test,01504.jpg,0.9781469951412741
train,04830.jpg,test,02147.jpg,0.9781181728403081
train,04830.jpg,test,00911.jpg,0.9781181728403081
train,04832.jpg,test,02148.jpg,0.9780721979480038
train,04832.jpg,test,00912.jpg,0.9780721979480038
train,01017.jpg,test,00402.jpg,0.978056917399556
train,01017.jpg,test,01499.jpg,0.978056917399556
train,04927.jpg,test,02162.jpg,0.9780459621683414
train,04927.jpg,test,00926.jpg,0.9780459621683414
train,04957.jpg,test,02159.jpg,0.9780281770704998
train,04957.jpg,test,00923.jpg,0.9780281770704998
train,01062.jpg,test,00405.jpg,0.9779920490393117
train,01062.jpg,test,01504.jpg,0.9779920490393117
train,05015.jpg,test,00936.jpg,0.977915542038971
train,05015.jpg,test,02176.jpg,0.977915542038971
train,05091.jpg,test,02185.jpg,0.9778981548991171
train,05091.jpg,test,00942.jpg,0.9778981548991171
train,05020.jpg,test,02177.jpg,0.9778951613150381
train,05020.jpg,test,00937.jpg,0.9778951613150381
train,01100.jpg,test,01514.jpg,0.9778653334739106
train,01100.jpg,test,00422.jpg,0.9778653334739106
train,04826.jpg,test,00913.jpg,0.9778582612170924
train,01010.jpg,test,00402.jpg,0.9778313773635487
train,01010.jpg,test,01499.jpg,0.9778313773635487
train,04886.jpg,test,00917.jpg,0.9778309030745168
train,04886.jpg,test,02152.jpg,0.9778309030745168
train,05086.jpg,test,02186.jpg,0.9777735352416941
train,01017.jpg,test,00403.jpg,0.9777132398377862
train,01017.jpg,test,01501.jpg,0.9777132398377862
train,01401.jpg,test,00462.jpg,0.9777082336999381
train,01401.jpg,test,01569.jpg,0.9777082336999381
train,00963.jpg,test,01488.jpg,0.977682157560588
train,00963.jpg,test,00393.jpg,0.977682157560588
train,04926.jpg,test,00923.jpg,0.9776587646885241
train,04926.jpg,test,02159.jpg,0.9776587646885241
train,01084.jpg,test,01511.jpg,0.977591993248146
train,01084.jpg,test,00419.jpg,0.977591993248146
train,00969.jpg,test,00396.jpg,0.9774757498350116
train,00969.jpg,test,01491.jpg,0.9774757498350116
train,01046.jpg,test,01504.jpg,0.9774588308126809
train,01046.jpg,test,00405.jpg,0.9774588308126809
train,05085.jpg,test,00943.jpg,0.9774518662086952
train,05085.jpg,test,02187.jpg,0.9774518662086952
train,05028.jpg,test,00935.jpg,0.977438214498745
train,05028.jpg,test,02175.jpg,0.977438214498745
train,05018.jpg,test,02178.jpg,0.9773690090726375
train,04975.jpg,test,02165.jpg,0.9773213694682613
train,04975.jpg,test,00928.jpg,0.9773213694682613
train,05017.jpg,test,02178.jpg,0.9772367426616282
train,01380.jpg,test,00459.jpg,0.9772153742141189
train,01380.jpg,test,01566.jpg,0.9772153742141189
train,04979.jpg,test,02165.jpg,0.9772097231196588
train,04979.jpg,test,00928.jpg,0.9772097231196588
train,05174.jpg,test,00955.jpg,0.9771926501516649
train,04901.jpg,test,02158.jpg,0.9771159313065022
train,04934.jpg,test,00926.jpg,0.9770977097989404
train,04934.jpg,test,02162.jpg,0.9770977097989404
train,04922.jpg,test,00926.jpg,0.9770483588053481
train,04922.jpg,test,02162.jpg,0.9770483588053481
train,05174.jpg,test,02198.jpg,0.977038711987232
train,05171.jpg,test,02198.jpg,0.9769680921504822
train,01399.jpg,test,00462.jpg,0.9769656744955368
train,01399.jpg,test,01569.jpg,0.9769656744955368
train,04930.jpg,test,02163.jpg,0.9769588655876763
train,05173.jpg,test,02198.jpg,0.9769216037384681
train,05019.jpg,test,02178.jpg,0.9768952459423955
train,05173.jpg,test,00955.jpg,0.9768863040954573
train,04826.jpg,test,02148.jpg,0.9768770166257742
train,04826.jpg,test,00912.jpg,0.9768770166257742
train,05090.jpg,test,00943.jpg,0.9768705352975634
train,05090.jpg,test,02187.jpg,0.9768705352975634
train,00950.jpg,test,01487.jpg,0.9767959001353184
train,04929.jpg,test,02162.jpg,0.9767843172276253
train,04929.jpg,test,00926.jpg,0.9767843172276253
train,05015.jpg,test,00937.jpg,0.976741654998008
train,05015.jpg,test,02177.jpg,0.976741654998008
train,05089.jpg,test,02186.jpg,0.9765886126250514
train,04945.jpg,test,02159.jpg,0.9765687608902789
train,04945.jpg,test,00923.jpg,0.9765687608902789
train,01307.jpg,test,00448.jpg,0.9765550128845147
train,01307.jpg,test,01551.jpg,0.9765550128845147
train,01016.jpg,test,01499.jpg,0.9765516128509489
train,01016.jpg,test,00402.jpg,0.9765516128509489
train,04945.jpg,test,00924.jpg,0.9765435946842533
train,04945.jpg,test,02160.jpg,0.9765435946842533
train,05171.jpg,test,00955.jpg,0.9765235775068145
train,01008.jpg,test,00402.jpg,0.9765219958289039
train,01008.jpg,test,01499.jpg,0.9765219958289039
train,04926.jpg,test,02160.jpg,0.9765105161050769
train,04926.jpg,test,00924.jpg,0.9765105161050769
train,01009.jpg,test,00403.jpg,0.9765031735671081
train,01009.jpg,test,01501.jpg,0.9765031735671081
train,01009.jpg,test,00402.jpg,0.9765015004708797
train,01009.jpg,test,01499.jpg,0.9765015004708797
train,01122.jpg,test,01520.jpg,0.9765011280599714
train,04897.jpg,test,02155.jpg,0.9764874883978762
train,00945.jpg,test,01487.jpg,0.9764842981341672
train,01402.jpg,test,00462.jpg,0.9764825034490974
train,01402.jpg,test,01569.jpg,0.9764825034490974
train,00938.jpg,test,01484.jpg,0.9764590609056718
train,05028.jpg,test,00934.jpg,0.9762745293689981
train,05028.jpg,test,02174.jpg,0.9762745293689981
train,05142.jpg,test,02194.jpg,0.9762726889972826
train,05142.jpg,test,00949.jpg,0.9762726889972826
train,04837.jpg,test,00913.jpg,0.9761920145254546
train,04925.jpg,test,02160.jpg,0.9761074862789124
train,04925.jpg,test,00924.jpg,0.9761074862789124
train,04915.jpg,test,00921.jpg,0.9760648098021154
train,04828.jpg,test,00910.jpg,0.9760592468219171
train,01380.jpg,test,01569.jpg,0.9760354110201769
train,01380.jpg,test,00462.jpg,0.9760354110201769
train,05032.jpg,test,02175.jpg,0.9760211834199848
train,05032.jpg,test,00935.jpg,0.9760211834199848
train,01037.jpg,test,01504.jpg,0.9759647368958176
train,01037.jpg,test,00405.jpg,0.9759647368958176
train,04826.jpg,test,00910.jpg,0.975952322550722
train,04827.jpg,test,02147.jpg,0.9759084670094534
train,04827.jpg,test,00911.jpg,0.9759084670094534
train,04829.jpg,test,00910.jpg,0.975866389220255
train,04988.jpg,test,00930.jpg,0.9757329042658401
train,04988.jpg,test,02167.jpg,0.9757329042658401
train,01408.jpg,test,01572.jpg,0.9757043197989419
train,01408.jpg,test,00464.jpg,0.9757043197989419
train,04838.jpg,test,00913.jpg,0.9756948236511929
train,04836.jpg,test,02148.jpg,0.9756336203800122
train,04836.jpg,test,00912.jpg,0.9756336203800122
train,04832.jpg,test,00910.jpg,0.9756301473723986
train,04975.jpg,test,00930.jpg,0.9755862492907962
train,04975.jpg,test,02167.jpg,0.9755862492907962
train,05077.jpg,test,02186.jpg,0.9754333742275632
train,04941.jpg,test,02163.jpg,0.9753757467097378
train,00971.jpg,test,01489.jpg,0.975317817693245
train,00971.jpg,test,00394.jpg,0.975317817693245
train,05172.jpg,test,00955.jpg,0.9753058139405684
train,00992.jpg,test,01495.jpg,0.9753014745498184
train,00992.jpg,test,00399.jpg,0.9753014745498184
train,05098.jpg,test,02185.jpg,0.9752477931833575
train,05098.jpg,test,00942.jpg,0.9752477931833575
train,05172.jpg,test,02198.jpg,0.9752254616659756
train,00847.jpg,test,01445.jpg,0.9751469741054664
train,01085.jpg,test,01511.jpg,0.9750753503314024
train,01085.jpg,test,00419.jpg,0.9750753503314024
train,04960.jpg,test,02160.jpg,0.9750569638286638
train,04960.jpg,test,00924.jpg,0.9750569638286638
train,04982.jpg,test,00928.jpg,0.9750260044244803
train,04982.jpg,test,02165.jpg,0.9750260044244803
train,05032.jpg,test,02174.jpg,0.9749617991345647
train,05032.jpg,test,00934.jpg,0.9749617991345647
train,05018.jpg,test,02176.jpg,0.9749333230922567
train,05018.jpg,test,00936.jpg,0.9749333230922567
train,01006.jpg,test,01502.jpg,0.9749317639320872
train,04928.jpg,test,00926.jpg,0.9748840882844526
train,04928.jpg,test,02162.jpg,0.9748840882844526
train,05022.jpg,test,02175.jpg,0.9748697498720119
train,05022.jpg,test,00935.jpg,0.9748697498720119
train,01010.jpg,test,01500.jpg,0.9748661715105698
train,05027.jpg,test,00935.jpg,0.9748576154042223
train,05027.jpg,test,02175.jpg,0.9748576154042223
train,05155.jpg,test,00950.jpg,0.9747951670492464
train,05155.jpg,test,02195.jpg,0.9747951670492464
train,01016.jpg,test,01501.jpg,0.9747810309414751
train,01016.jpg,test,00403.jpg,0.9747810309414751
train,04987.jpg,test,02167.jpg,0.9747692275674471
train,04987.jpg,test,00930.jpg,0.9747692275674471
train,04833.jpg,test,00910.jpg,0.9747243980500179
train,05017.jpg,test,00936.jpg,0.9746949483655809
train,05017.jpg,test,02176.jpg,0.9746949483655809
train,01064.jpg,test,01504.jpg,0.9746929652044832
train,01064.jpg,test,00405.jpg,0.9746929652044832
train,04968.jpg,test,02169.jpg,0.9746680553716383
train,00332.jpg,test,00985.jpg,0.9746261895869313
train,04932.jpg,test,02162.jpg,0.9746155273707093
train,04932.jpg,test,00926.jpg,0.9746155273707093
train,04835.jpg,test,00911.jpg,0.9746112583419065
train,04835.jpg,test,02147.jpg,0.9746112583419065
train,01063.jpg,test,00405.jpg,0.9744508257229483
train,01063.jpg,test,01504.jpg,0.9744508257229483
train,05019.jpg,test,02176.jpg,0.9744419516131364
train,05019.jpg,test,00936.jpg,0.9744419516131364
train,01091.jpg,test,01515.jpg,0.9744027982982129
train,05018.jpg,test,00937.jpg,0.9743656795023927
train,05018.jpg,test,02177.jpg,0.9743656795023927
train,04958.jpg,test,02161.jpg,0.9741955242730947
train,04958.jpg,test,00925.jpg,0.9741955242730947
train,04884.jpg,test,00919.jpg,0.9741870636493463
train,04884.jpg,test,02154.jpg,0.9741870636493463
train,01145.jpg,test,01524.jpg,0.9741698319223749
train,01145.jpg,test,00429.jpg,0.9741698319223749
train,05017.jpg,test,02177.jpg,0.9741693913349364
train,05017.jpg,test,00937.jpg,0.9741693913349364
train,04837.jpg,test,00912.jpg,0.9740236942793381
train,04837.jpg,test,02148.jpg,0.9740236942793381
train,05175.jpg,test,00953.jpg,0.9740229789777719
train,05175.jpg,test,02199.jpg,0.9740229789777719
train,04922.jpg,test,02163.jpg,0.9740196782936094
train,04923.jpg,test,00926.jpg,0.9740154429384427
train,04923.jpg,test,02162.jpg,0.9740154429384427
train,05022.jpg,test,00934.jpg,0.9740118881521898
train,05022.jpg,test,02174.jpg,0.9740118881521898
train,04960.jpg,test,02161.jpg,0.9739840337112302
train,04960.jpg,test,00925.jpg,0.9739840337112302
train,01391.jpg,test,01566.jpg,0.9739642056549562
train,01391.jpg,test,00459.jpg,0.9739642056549562
train,05019.jpg,test,02177.jpg,0.97385036517491
train,05019.jpg,test,00937.jpg,0.97385036517491
train,01124.jpg,test,00423.jpg,0.9738166074158531
train,01124.jpg,test,01516.jpg,0.9738166074158531
train,05027.jpg,test,02174.jpg,0.9737513745965689
train,05027.jpg,test,00934.jpg,0.9737513745965689
train,01017.jpg,test,01500.jpg,0.9736639841872472
train,04983.jpg,test,02166.jpg,0.9736365978850442
train,04983.jpg,test,00929.jpg,0.9736365978850442
train,05023.jpg,test,02175.jpg,0.9736337541122451
train,05023.jpg,test,00935.jpg,0.9736337541122451
train,01090.jpg,test,01515.jpg,0.9736286265764883
train,01384.jpg,test,01569.jpg,0.9736038374335169
train,01384.jpg,test,00462.jpg,0.9736038374335169
train,05021.jpg,test,02175.jpg,0.9735284175770892
train,05021.jpg,test,00935.jpg,0.9735284175770892
train,04885.jpg,test,00919.jpg,0.9735235611998871
train,04885.jpg,test,02154.jpg,0.9735235611998871
train,01009.jpg,test,01500.jpg,0.9735115562959303
train,01391.jpg,test,01569.jpg,0.9734844633250339
train,01391.jpg,test,00462.jpg,0.9734844633250339
train,01152.jpg,test,00428.jpg,0.9733499363823798
train,01152.jpg,test,01523.jpg,0.9733499363823798
train,01381.jpg,test,01569.jpg,0.9733378832127159
train,01381.jpg,test,00462.jpg,0.9733378832127159
train,00936.jpg,test,01483.jpg,0.973335696509277
train,01386.jpg,test,00460.jpg,0.973315075994205
train,01386.jpg,test,01567.jpg,0.973315075994205
train,04834.jpg,test,00910.jpg,0.9732507565863923
train,05038.jpg,test,02181.jpg,0.9732372563024104
train,05038.jpg,test,00940.jpg,0.9732372563024104
train,04960.jpg,test,00923.jpg,0.9732199232585972
train,04960.jpg,test,02159.jpg,0.9732199232585972
train,05030.jpg,test,02175.jpg,0.9732088339539837
train,05030.jpg,test,00935.jpg,0.9732088339539837
train,01399.jpg,test,01566.jpg,0.9732019483563609
train,01399.jpg,test,00459.jpg,0.9732019483563609
train,05014.jpg,test,02178.jpg,0.9731369325261195
train,04986.jpg,test,02165.jpg,0.9730368994488058
train,04986.jpg,test,00928.jpg,0.9730368994488058
train,05023.jpg,test,00934.jpg,0.973032940712771
train,05023.jpg,test,02174.jpg,0.973032940712771
train,01397.jpg,test,00462.jpg,0.9730060036694934
train,01397.jpg,test,01569.jpg,0.9730060036694934
train,05040.jpg,test,02180.jpg,0.972888663732388
train,05040.jpg,test,00939.jpg,0.972888663732388
train,05021.jpg,test,02174.jpg,0.9728335328649438
train,05021.jpg,test,00934.jpg,0.9728335328649438
train,04926.jpg,test,02163.jpg,0.9728196438528515
train,05079.jpg,test,00943.jpg,0.9727038019261877
train,05079.jpg,test,02187.jpg,0.9727038019261877
train,04837.jpg,test,00910.jpg,0.9727031666060769
train,04836.jpg,test,00910.jpg,0.9726033569253062
train,05094.jpg,test,02185.jpg,0.972558968525122
train,05094.jpg,test,00942.jpg,0.972558968525122
train,04975.jpg,test,02169.jpg,0.9725472157722508
train,04945.jpg,test,02163.jpg,0.972415990301029
train,04985.jpg,test,02165.jpg,0.9723590871908641
train,04985.jpg,test,00928.jpg,0.9723590871908641
train,04923.jpg,test,02163.jpg,0.972345157851707
train,04960.jpg,test,00926.jpg,0.9723024941979522
train,04960.jpg,test,02162.jpg,0.9723024941979522
train,01393.jpg,test,01570.jpg,0.972298369995069
train,05030.jpg,test,00934.jpg,0.9722341892150669
train,05030.jpg,test,02174.jpg,0.9722341892150669
train,04839.jpg,test,00913.jpg,0.9721782594953995
train,04832.jpg,test,02147.jpg,0.9720841764226338
train,04832.jpg,test,00911.jpg,0.9720841764226338
train,04984.jpg,test,00928.jpg,0.9719985196328266
train,04984.jpg,test,02165.jpg,0.9719985196328266
train,04838.jpg,test,02148.jpg,0.9719859762351057
train,04838.jpg,test,00912.jpg,0.9719859762351057
train,04928.jpg,test,02163.jpg,0.9719677797883047
train,01396.jpg,test,01568.jpg,0.971901392340636
train,01396.jpg,test,00461.jpg,0.971901392340636
train,01144.jpg,test,00427.jpg,0.9718832457223164
train,01144.jpg,test,01522.jpg,0.9718832457223164
train,01383.jpg,test,01569.jpg,0.9716905187665589
train,01383.jpg,test,00462.jpg,0.9716905187665589
train,01016.jpg,test,01500.jpg,0.9716626843733595
train,05064.jpg,test,02182.jpg,0.9716091481988711
train,05064.jpg,test,00941.jpg,0.9716091481988711
train,05014.jpg,test,00936.jpg,0.9713520046341427
train,05014.jpg,test,02176.jpg,0.9713520046341427
train,04886.jpg,test,02154.jpg,0.9713476509666606
train,04886.jpg,test,00919.jpg,0.9713476509666606
train,04829.jpg,test,00911.jpg,0.9712839095836521
train,04829.jpg,test,02147.jpg,0.9712839095836521
train,01015.jpg,test,00403.jpg,0.9712735038380786
train,01015.jpg,test,01501.jpg,0.9712735038380786
train,00974.jpg,test,01490.jpg,0.9712010955264838
train,00974.jpg,test,00395.jpg,0.9712010955264838
train,00870.jpg,test,01456.jpg,0.9711964726744138
train,00934.jpg,test,01481.jpg,0.9711845112174049
train,04835.jpg,test,00910.jpg,0.9711659228975983
train,01008.jpg,test,00403.jpg,0.9711253307460199
train,01008.jpg,test,01501.jpg,0.9711253307460199
train,04831.jpg,test,00911.jpg,0.9710557513769763
train,04831.jpg,test,02147.jpg,0.9710557513769763
train,00972.jpg,test,00394.jpg,0.9710478367416282
train,00972.jpg,test,01489.jpg,0.9710478367416282
train,04979.jpg,test,02167.jpg,0.9709995375911121
train,04979.jpg,test,00930.jpg,0.9709995375911121
train,04835.jpg,test,00913.jpg,0.970965185482724
train,01381.jpg,test,01568.jpg,0.9709487713964425
train,01381.jpg,test,00461.jpg,0.9709487713964425
train,05046.jpg,test,00939.jpg,0.97092716475212
train,05046.jpg,test,02180.jpg,0.97092716475212
train,00940.jpg,test,01480.jpg,0.9707381273338239
train,04828.jpg,test,02147.jpg,0.9706695127286453
train,04828.jpg,test,00911.jpg,0.9706695127286453
train,04836.jpg,test,00911.jpg,0.9706429563947362
train,04836.jpg,test,02147.jpg,0.9706429563947362
train,04839.jpg,test,02148.jpg,0.9706354297260371
train,04839.jpg,test,00912.jpg,0.9706354297260371
train,05091.jpg,test,02186.jpg,0.9706154185167696
train,04838.jpg,test,00910.jpg,0.9706076808605247
train,01086.jpg,test,01511.jpg,0.9705496993837779
train,01086.jpg,test,00419.jpg,0.9705496993837779
train,05014.jpg,test,00937.jpg,0.9705288157559891
train,05014.jpg,test,02177.jpg,0.9705288157559891
train,01391.jpg,test,01568.jpg,0.970370587965615
train,01391.jpg,test,00461.jpg,0.970370587965615
train,00885.jpg,test,01463.jpg,0.9702445629785942
train,00885.jpg,test,00387.jpg,0.9702445629785942
train,05039.jpg,test,02180.jpg,0.9700423290700051
train,05039.jpg,test,00939.jpg,0.9700423290700051
train,05060.jpg,test,00940.jpg,0.9699619660214415
train,05060.jpg,test,02181.jpg,0.9699619660214415
train,05088.jpg,test,00943.jpg,0.9699123920662838
train,05088.jpg,test,02187.jpg,0.9699123920662838
train,01397.jpg,test,01566.jpg,0.9698903174686002
train,01397.jpg,test,00459.jpg,0.9698903174686002
train,04835.jpg,test,00912.jpg,0.9698463876524545
train,04835.jpg,test,02148.jpg,0.9698463876524545
train,01008.jpg,test,01500.jpg,0.969790747436854
train,01382.jpg,test,01569.jpg,0.9697548245823038
train,01382.jpg,test,00462.jpg,0.9697548245823038
train,04907.jpg,test,02158.jpg,0.9697415412909175
train,01378.jpg,test,00462.jpg,0.9697272899723146
train,01378.jpg,test,01569.jpg,0.9697272899723146
train,05105.jpg,test,02186.jpg,0.96970238834207
train,01402.jpg,test,00461.jpg,0.9696969647659878
train,01402.jpg,test,01568.jpg,0.9696969647659878
train,01015.jpg,test,01499.jpg,0.9696940699749449
train,01015.jpg,test,00402.jpg,0.9696940699749449
train,04958.jpg,test,00924.jpg,0.9696910473057524
train,04958.jpg,test,02160.jpg,0.9696910473057524
train,00864.jpg,test,01452.jpg,0.9695715057786392
train,00864.jpg,test,00384.jpg,0.9695715057786392
train,05105.jpg,test,02185.jpg,0.9695483567951887
train,05105.jpg,test,00942.jpg,0.9695483567951887
train,00937.jpg,test,01481.jpg,0.9694971652524123
train,04833.jpg,test,00911.jpg,0.9694916668364891
train,04833.jpg,test,02147.jpg,0.9694916668364891
train,00948.jpg,test,01486.jpg,0.9694674500013631
train,00948.jpg,test,00392.jpg,0.9694674500013631
train,01207.jpg,test,00436.jpg,0.969420552532004
train,01207.jpg,test,01534.jpg,0.969420552532004
train,00936.jpg,test,01481.jpg,0.96938548273015
train,04841.jpg,test,00913.jpg,0.9693392995070174
train,00936.jpg,test,01480.jpg,0.9693034444936574
train,04834.jpg,test,00911.jpg,0.9692079862619986
train,04834.jpg,test,02147.jpg,0.9692079862619986
train,04839.jpg,test,00910.jpg,0.9692035289558015
train,00880.jpg,test,01460.jpg,0.9691777306288032
train,00951.jpg,test,01487.jpg,0.9691418259496056
train,05016.jpg,test,02178.jpg,0.9691033594679228
train,01380.jpg,test,00461.jpg,0.9690297100727279
train,01380.jpg,test,01568.jpg,0.9690297100727279
train,00940.jpg,test,01481.jpg,0.9690292013573255
train,05107.jpg,test,02185.jpg,0.9689102590598353
train,05107.jpg,test,00942.jpg,0.9689102590598353
train,04840.jpg,test,00913.jpg,0.9688968023565824
train,05106.jpg,test,02186.jpg,0.9688278261593518
train,04839.jpg,test,02147.jpg,0.968794394009635
train,04839.jpg,test,00911.jpg,0.968794394009635
train,00944.jpg,test,00392.jpg,0.968763284504959
train,00944.jpg,test,01486.jpg,0.968763284504959
train,05094.jpg,test,02186.jpg,0.9687122250899077
train,00848.jpg,test,01445.jpg,0.9686309520038486
train,00970.jpg,test,01491.jpg,0.9686194746225011
train,00970.jpg,test,00396.jpg,0.9686194746225011
train,05106.jpg,test,00942.jpg,0.9685963303128592
train,05106.jpg,test,02185.jpg,0.9685963303128592
train,00934.jpg,test,01480.jpg,0.9685347699871549
train,05167.jpg,test,02195.jpg,0.9684820344468363
train,05167.jpg,test,00950.jpg,0.9684820344468363
train,04982.jpg,test,00930.jpg,0.9684563769834846
train,04982.jpg,test,02167.jpg,0.9684563769834846
train,04958.jpg,test,02159.jpg,0.9684376501837403
train,04958.jpg,test,00923.jpg,0.9684376501837403
train,05061.jpg,test,02182.jpg,0.9683078123816821
train,05061.jpg,test,00941.jpg,0.9683078123816821
train,01396.jpg,test,00462.jpg,0.9682795963668881
train,01396.jpg,test,01569.jpg,0.9682795963668881
train,05162.jpg,test,02195.jpg,0.9681151137931714
train,05162.jpg,test,00950.jpg,0.9681151137931714
train,05107.jpg,test,02186.jpg,0.9681061330533002
train,01151.jpg,test,00427.jpg,0.9680650927414147
train,01151.jpg,test,01522.jpg,0.9680650927414147
train,04826.jpg,test,00911.jpg,0.9680562025096571
train,04826.jpg,test,02147.jpg,0.9680562025096571
train,04837.jpg,test,00911.jpg,0.9679806605797892
train,04837.jpg,test,02147.jpg,0.9679806605797892
train,01396.jpg,test,00459.jpg,0.9679172245973685
train,01396.jpg,test,01566.jpg,0.9679172245973685
train,04986.jpg,test,00930.jpg,0.9678972242587941
train,04986.jpg,test,02167.jpg,0.9678972242587941
train,04929.jpg,test,02163.jpg,0.9678579058813879
train,01382.jpg,test,01568.jpg,0.9677470541062912
train,01382.jpg,test,00461.jpg,0.9677470541062912
train,00968.jpg,test,00396.jpg,0.9676825549829351
train,00968.jpg,test,01491.jpg,0.9676825549829351
train,00934.jpg,test,01482.jpg,0.9676122848999251
train,00931.jpg,test,01482.jpg,0.9675807611837854
train,01395.jpg,test,01568.jpg,0.9674662748883799
train,01395.jpg,test,00461.jpg,0.9674662748883799
train,01007.jpg,test,00402.jpg,0.96742452481615
train,01007.jpg,test,01499.jpg,0.96742452481615
train,05016.jpg,test,00936.jpg,0.967377274085435
train,05016.jpg,test,02176.jpg,0.967377274085435
train,05098.jpg,test,02186.jpg,0.9673185901520847
train,04925.jpg,test,02163.jpg,0.967265122700002
train,01401.jpg,test,01568.jpg,0.9672127634493769
train,01401.jpg,test,00461.jpg,0.9672127634493769
train,01152.jpg,test,01521.jpg,0.9672117089388896
train,01152.jpg,test,00426.jpg,0.9672117089388896
train,01146.jpg,test,01522.jpg,0.9671973576607237
train,01146.jpg,test,00427.jpg,0.9671973576607237
train,01385.jpg,test,00460.jpg,0.9671924480429379
train,01385.jpg,test,01567.jpg,0.9671924480429379
train,05016.jpg,test,00937.jpg,0.9670505042643137
train,05016.jpg,test,02177.jpg,0.9670505042643137
train,05062.jpg,test,00940.jpg,0.9670286766190407
train,05062.jpg,test,02181.jpg,0.9670286766190407
train,01144.jpg,test,00429.jpg,0.9669858622214964
train,01144.jpg,test,01524.jpg,0.9669858622214964
train,05092.jpg,test,02187.jpg,0.9669710972082745
train,05092.jpg,test,00943.jpg,0.9669710972082745
train,00929.jpg,test,01483.jpg,0.9669447498204006
train,01151.jpg,test,00426.jpg,0.9669352159993274
train,01151.jpg,test,01521.jpg,0.9669352159993274
train,01381.jpg,test,00460.jpg,0.9669302920028151
train,01381.jpg,test,01567.jpg,0.9669302920028151
train,05085.jpg,test,02188.jpg,0.9668484018612878
train,05085.jpg,test,00944.jpg,0.9668484018612878
train,00952.jpg,test,01487.jpg,0.9667859351741458
train,04907.jpg,test,00921.jpg,0.9666813024175647
train,05065.jpg,test,02182.jpg,0.9665808876504379
train,05065.jpg,test,00941.jpg,0.9665808876504379
train,04985.jpg,test,00930.jpg,0.9665262477006283
train,04985.jpg,test,02167.jpg,0.9665262477006283
train,01015.jpg,test,01500.jpg,0.9664687320346194
train,00934.jpg,test,01483.jpg,0.9663354699244884
train,05034.jpg,test,00940.jpg,0.9661415527638101
train,05034.jpg,test,02181.jpg,0.9661415527638101
train,01378.jpg,test,00459.jpg,0.9660248224775106
train,01378.jpg,test,01566.jpg,0.9660248224775106
train,01395.jpg,test,00460.jpg,0.9660020288889138
train,01395.jpg,test,01567.jpg,0.9660020288889138
train,04984.jpg,test,02167.jpg,0.9659954840802261
train,04984.jpg,test,00930.jpg,0.9659954840802261
train,04902.jpg,test,02158.jpg,0.9659524864585567
train,00931.jpg,test,01483.jpg,0.9658888587059216
train,01396.jpg,test,01567.jpg,0.965876483560342
train,01396.jpg,test,00460.jpg,0.965876483560342
train,05052.jpg,test,00939.jpg,0.9657811783497813
train,05052.jpg,test,02180.jpg,0.9657811783497813
train,05168.jpg,test,00950.jpg,0.965735561864742
train,05168.jpg,test,02195.jpg,0.965735561864742
train,01395.jpg,test,01566.jpg,0.9657142990969798
train,01395.jpg,test,00459.jpg,0.9657142990969798
train,05011.jpg,test,02171.jpg,0.9656897797077705
train,05011.jpg,test,00932.jpg,0.9656897797077705
train,05059.jpg,test,00940.jpg,0.9656409269878009
train,05059.jpg,test,02181.jpg,0.9656409269878009
train,00930.jpg,test,01482.jpg,0.9656214518783974
train,04841.jpg,test,00912.jpg,0.9655855527434651
train,04841.jpg,test,02148.jpg,0.9655855527434651
train,01395.jpg,test,01569.jpg,0.9655500618615834
train,01395.jpg,test,00462.jpg,0.9655500618615834
train,01397.jpg,test,00461.jpg,0.9655423254084685
train,01397.jpg,test,01568.jpg,0.9655423254084685
train,00971.jpg,test,01492.jpg,0.9655101151657127
train,05181.jpg,test,02200.jpg,0.9653771255162457
train,05181.jpg,test,00954.jpg,0.9653771255162457
train,05012.jpg,test,00932.jpg,0.9652577406517415
train,05012.jpg,test,02171.jpg,0.9652577406517415
train,01146.jpg,test,00428.jpg,0.9651867229284713
train,01146.jpg,test,01523.jpg,0.9651867229284713
train,01088.jpg,test,01514.jpg,0.9651761418518543
train,01088.jpg,test,00422.jpg,0.9651761418518543
train,00972.jpg,test,01492.jpg,0.9651577573698982
train,00927.jpg,test,01484.jpg,0.9650201952978374
train,00929.jpg,test,01482.jpg,0.9649599984935032
train,01389.jpg,test,01568.jpg,0.9649148818083857
train,01389.jpg,test,00461.jpg,0.9649148818083857
train,00930.jpg,test,01483.jpg,0.9648326497688341
train,01384.jpg,test,01568.jpg,0.9646883487910597
train,01384.jpg,test,00461.jpg,0.9646883487910597
train,01382.jpg,test,01567.jpg,0.9646615010591185
train,01382.jpg,test,00460.jpg,0.9646615010591185
train,05013.jpg,test,02178.jpg,0.9646387212159413
train,01141.jpg,test,00428.jpg,0.9645910385718518
train,01141.jpg,test,01523.jpg,0.9645910385718518
train,00926.jpg,test,01478.jpg,0.9644010190548038
train,01394.jpg,test,00460.jpg,0.9643763950421868
train,01394.jpg,test,01567.jpg,0.9643763950421868
train,01399.jpg,test,01568.jpg,0.9643606019532711
train,01399.jpg,test,00461.jpg,0.9643606019532711
train,05063.jpg,test,02180.jpg,0.9642443260103933
train,05063.jpg,test,00939.jpg,0.9642443260103933
train,00932.jpg,test,01482.jpg,0.964154576838063
train,00871.jpg,test,01456.jpg,0.9641319627324216
train,01383.jpg,test,01568.jpg,0.9639553844532729
train,01383.jpg,test,00461.jpg,0.9639553844532729
train,01402.jpg,test,00460.jpg,0.9638108297921633
train,01402.jpg,test,01567.jpg,0.9638108297921633
train,01088.jpg,test,01515.jpg,0.9635311826031687
train,00932.jpg,test,01483.jpg,0.9634907211402718
train,01007.jpg,test,00403.jpg,0.9634456453388685
train,01007.jpg,test,01501.jpg,0.9634456453388685
train,00949.jpg,test,00392.jpg,0.9634058556208499
train,00949.jpg,test,01486.jpg,0.9634058556208499
train,01389.jpg,test,01570.jpg,0.9632677383529131
train,00993.jpg,test,00400.jpg,0.9632494910619603
train,00993.jpg,test,01496.jpg,0.9632494910619603
train,01380.jpg,test,00460.jpg,0.9631960322481462
train,01380.jpg,test,01567.jpg,0.9631960322481462
train,05058.jpg,test,02181.jpg,0.9631299174098892
train,05058.jpg,test,00940.jpg,0.9631299174098892
train,01151.jpg,test,01523.jpg,0.9630922888306817
train,01151.jpg,test,00428.jpg,0.9630922888306817
train,01394.jpg,test,01568.jpg,0.9628446780852787
train,01394.jpg,test,00461.jpg,0.9628446780852787
train,01152.jpg,test,00429.jpg,0.962820679629536
train,01152.jpg,test,01524.jpg,0.962820679629536
train,01083.jpg,test,01513.jpg,0.9627997979447837
train,01083.jpg,test,00421.jpg,0.9627997979447837
train,04842.jpg,test,00913.jpg,0.9627598913499397
train,01141.jpg,test,01524.jpg,0.9627396262200048
train,01141.jpg,test,00429.jpg,0.9627396262200048
train,01391.jpg,test,01570.jpg,0.9626873551554929
train,05013.jpg,test,02176.jpg,0.9626460052988283
train,05013.jpg,test,00936.jpg,0.9626460052988283
train,05013.jpg,test,02177.jpg,0.962490105129584
train,05013.jpg,test,00937.jpg,0.962490105129584
train,01092.jpg,test,00420.jpg,0.9624768432980556
train,01092.jpg,test,01512.jpg,0.9624768432980556
train,01390.jpg,test,01567.jpg,0.9623698584842562
train,01390.jpg,test,00460.jpg,0.9623698584842562
train,00480.jpg,test,00137.jpg,0.9623426737692274
train,05010.jpg,test,02171.jpg,0.9623117565258974
train,05010.jpg,test,00932.jpg,0.9623117565258974
train,01100.jpg,test,01512.jpg,0.9620919719666101
train,01100.jpg,test,00420.jpg,0.9620919719666101
train,04840.jpg,test,00912.jpg,0.9618118507221343
train,04840.jpg,test,02148.jpg,0.9618118507221343
train,01093.jpg,test,00420.jpg,0.9618088332854944
train,01093.jpg,test,01512.jpg,0.9618088332854944
train,01394.jpg,test,01570.jpg,0.9616451277174877
train,05007.jpg,test,02171.jpg,0.9616266920239105
train,05007.jpg,test,00932.jpg,0.9616266920239105
train,00937.jpg,test,01480.jpg,0.9616102775482377
train,01207.jpg,test,01535.jpg,0.9615622465339767
train,01153.jpg,test,00426.jpg,0.9614340448240574
train,01153.jpg,test,01521.jpg,0.9614340448240574
train,04838.jpg,test,02147.jpg,0.9613566506529039
train,04838.jpg,test,00911.jpg,0.9613566506529039
train,01147.jpg,test,00429.jpg,0.9611281449628086
train,01147.jpg,test,01524.jpg,0.9611281449628086
train,01007.jpg,test,01500.jpg,0.9610508396785193
train,01147.jpg,test,00426.jpg,0.9609966421495263
train,01147.jpg,test,01521.jpg,0.9609966421495263
train,00953.jpg,test,01487.jpg,0.9609827272793245
train,05093.jpg,test,02186.jpg,0.9609015633107487
train,00936.jpg,test,01482.jpg,0.9608580160533035
train,04841.jpg,test,00910.jpg,0.9608232891072264
train,01090.jpg,test,00420.jpg,0.9606567799001575
train,01090.jpg,test,01512.jpg,0.9606567799001575
train,01383.jpg,test,00460.jpg,0.96065465103769
train,01383.jpg,test,01567.jpg,0.96065465103769
train,01096.jpg,test,01512.jpg,0.9606317164479637
train,01096.jpg,test,00420.jpg,0.9606317164479637
train,05009.jpg,test,00932.jpg,0.9605466020741719
train,05009.jpg,test,02171.jpg,0.9605466020741719
train,01001.jpg,test,01497.jpg,0.9605308696103193
train,04842.jpg,test,00910.jpg,0.9605250732684594
train,00950.jpg,test,00392.jpg,0.9605072160240901
train,00950.jpg,test,01486.jpg,0.9605072160240901
train,04842.jpg,test,00912.jpg,0.9604327590741363
train,04842.jpg,test,02148.jpg,0.9604327590741363
train,05051.jpg,test,00940.jpg,0.9604297644803946
train,05051.jpg,test,02181.jpg,0.9604297644803946
train,00861.jpg,test,00384.jpg,0.9603931790043475
train,00861.jpg,test,01452.jpg,0.9603931790043475
train,04887.jpg,test,02157.jpg,0.9602053220938572
train,04887.jpg,test,00922.jpg,0.9602053220938572
train,01390.jpg,test,01569.jpg,0.9601956961774388
train,01390.jpg,test,00462.jpg,0.9601956961774388
train,01145.jpg,test,01521.jpg,0.9601910966242689
train,01145.jpg,test,00426.jpg,0.9601910966242689
train,01399.jpg,test,00460.jpg,0.960056806266872
train,01399.jpg,test,01567.jpg,0.960056806266872
train,01378.jpg,test,01568.jpg,0.9598546681819824
train,01378.jpg,test,00461.jpg,0.9598546681819824
train,05046.jpg,test,02179.jpg,0.9597336899375076
train,05046.jpg,test,00938.jpg,0.9597336899375076
train,01384.jpg,test,00460.jpg,0.9597269316198299
train,01384.jpg,test,01567.jpg,0.9597269316198299
train,01078.jpg,test,01511.jpg,0.9596399540306496
train,01078.jpg,test,00419.jpg,0.9596399540306496
train,04842.jpg,test,02147.jpg,0.9594669403084907
train,04842.jpg,test,00911.jpg,0.9594669403084907
train,01000.jpg,test,01496.jpg,0.9594506557855892
train,01000.jpg,test,00400.jpg,0.9594506557855892
train,05151.jpg,test,02196.jpg,0.9594452187824017
train,05151.jpg,test,00951.jpg,0.9594452187824017
train,01150.jpg,test,01525.jpg,0.959141501769254
train,01147.jpg,test,01522.jpg,0.9591372606638252
train,01147.jpg,test,00427.jpg,0.9591372606638252
train,05035.jpg,test,02180.jpg,0.9590481110435565
train,05035.jpg,test,00939.jpg,0.9590481110435565
train,00973.jpg,test,01489.jpg,0.9589901821995199
train,00973.jpg,test,00394.jpg,0.9589901821995199
train,05090.jpg,test,02188.jpg,0.9589209228680705
train,05090.jpg,test,00944.jpg,0.9589209228680705
train,01144.jpg,test,00426.jpg,0.9589121483970946
train,01144.jpg,test,01521.jpg,0.9589121483970946
train,01401.jpg,test,01567.jpg,0.9588421623618033
train,01401.jpg,test,00460.jpg,0.9588421623618033
train,01088.jpg,test,00420.jpg,0.9588318582922905
train,01088.jpg,test,01512.jpg,0.9588318582922905
train,00856.jpg,test,00381.jpg,0.9585126727826561
train,00856.jpg,test,01449.jpg,0.9585126727826561
train,01095.jpg,test,01512.jpg,0.9584840073316124
train,01095.jpg,test,00420.jpg,0.9584840073316124
train,04849.jpg,test,02147.jpg,0.9583843819743885
train,04849.jpg,test,00911.jpg,0.9583843819743885
train,04848.jpg,test,02147.jpg,0.9578828642372258
train,04848.jpg,test,00911.jpg,0.9578828642372258
train,01396.jpg,test,01570.jpg,0.9578780475110198
train,01397.jpg,test,00460.jpg,0.9577141791831565
train,01397.jpg,test,01567.jpg,0.9577141791831565
train,01386.jpg,test,00459.jpg,0.9573158542563452
train,01386.jpg,test,01566.jpg,0.9573158542563452
train,04892.jpg,test,02155.jpg,0.9573126159311812
train,04840.jpg,test,00910.jpg,0.9572253734131729
train,05096.jpg,test,00944.jpg,0.9572251557747872
train,05096.jpg,test,02188.jpg,0.9572251557747872
train,05008.jpg,test,00932.jpg,0.9571891085917824
train,05008.jpg,test,02171.jpg,0.9571891085917824
train,01395.jpg,test,01570.jpg,0.9569417866167658
train,01002.jpg,test,01497.jpg,0.9568450872018189
train,01148.jpg,test,01524.jpg,0.9566874184248321
train,01148.jpg,test,00429.jpg,0.9566874184248321
train,05095.jpg,test,00944.jpg,0.9566817027062873
train,05095.jpg,test,02188.jpg,0.9566817027062873
train,01091.jpg,test,01512.jpg,0.956608636054097
train,01091.jpg,test,00420.jpg,0.956608636054097
train,01153.jpg,test,01522.jpg,0.9565907538580949
train,01153.jpg,test,00427.jpg,0.9565907538580949
train,05093.jpg,test,02185.jpg,0.9562801951755847
train,05093.jpg,test,00942.jpg,0.9562801951755847
train,05052.jpg,test,02182.jpg,0.9562411663177675
train,05052.jpg,test,00941.jpg,0.9562411663177675
train,04848.jpg,test,02148.jpg,0.9560992031071254
train,04848.jpg,test,00912.jpg,0.9560992031071254
train,01393.jpg,test,01567.jpg,0.9560708732680564
train,01393.jpg,test,00460.jpg,0.9560708732680564
train,01151.jpg,test,01524.jpg,0.956066604545143
train,01151.jpg,test,00429.jpg,0.956066604545143
train,01390.jpg,test,01568.jpg,0.9559933179067928
train,01390.jpg,test,00461.jpg,0.9559933179067928
train,01162.jpg,test,00426.jpg,0.9559682192457021
train,01162.jpg,test,01521.jpg,0.9559682192457021
train,01391.jpg,test,01567.jpg,0.9559071323075139
train,01391.jpg,test,00460.jpg,0.9559071323075139
train,04848.jpg,test,00910.jpg,0.9558245535769974
train,01386.jpg,test,01568.jpg,0.9557948591107025
train,01386.jpg,test,00461.jpg,0.9557948591107025
train,04845.jpg,test,00911.jpg,0.9557067207272696
train,04845.jpg,test,02147.jpg,0.9557067207272696
train,04846.jpg,test,00911.jpg,0.9556563102323112
train,04846.jpg,test,02147.jpg,0.9556563102323112
train,01390.jpg,test,00459.jpg,0.9554874113238395
train,01390.jpg,test,01566.jpg,0.9554874113238395
train,00954.jpg,test,01487.jpg,0.9553097167165894
train,01378.jpg,test,00460.jpg,0.9552118720660857
train,01378.jpg,test,01567.jpg,0.9552118720660857
train,01402.jpg,test,01570.jpg,0.9551073640777797
train,01146.jpg,test,01521.jpg,0.9550260713441263
train,01146.jpg,test,00426.jpg,0.9550260713441263
train,01143.jpg,test,00428.jpg,0.9549767073243387
train,01143.jpg,test,01523.jpg,0.9549767073243387
train,05061.jpg,test,00939.jpg,0.9549735921557122
train,05061.jpg,test,02180.jpg,0.9549735921557122
train,00940.jpg,test,01483.jpg,0.9549616954032429
train,01393.jpg,test,01568.jpg,0.9549352292632962
train,01393.jpg,test,00461.jpg,0.9549352292632962
train,01160.jpg,test,01521.jpg,0.9548508693611384
train,01160.jpg,test,00426.jpg,0.9548508693611384
train,00996.jpg,test,01496.jpg,0.9547870127523778
train,00996.jpg,test,00400.jpg,0.9547870127523778
train,01381.jpg,test,01570.jpg,0.9545532147441022
train,01386.jpg,test,01569.jpg,0.9545132737039054
train,01386.jpg,test,00462.jpg,0.9545132737039054
train,05063.jpg,test,02182.jpg,0.9544419040247654
train,05063.jpg,test,00941.jpg,0.9544419040247654
train,01389.jpg,test,01567.jpg,0.9539670576675717
train,01389.jpg,test,00460.jpg,0.9539670576675717
train,04846.jpg,test,00910.jpg,0.9539500552498378
train,01378.jpg,test,01570.jpg,0.9538766531798493
train,01162.jpg,test,00427.jpg,0.9537227641850293
train,01162.jpg,test,01522.jpg,0.9537227641850293
train,04849.jpg,test,00910.jpg,0.9537079683148969
train,04915.jpg,test,00920.jpg,0.9535193165569956
train,04915.jpg,test,02156.jpg,0.9535193165569956
train,00940.jpg,test,01482.jpg,0.9535023921021706
train,04848.jpg,test,00913.jpg,0.9532892136789329
train,00951.jpg,test,01486.jpg,0.9532819998552966
train,00951.jpg,test,00392.jpg,0.9532819998552966
train,00969.jpg,test,01492.jpg,0.9532583825812031
train,01132.jpg,test,01522.jpg,0.9530711547244813
train,01132.jpg,test,00427.jpg,0.9530711547244813
train,04845.jpg,test,00910.jpg,0.9529026278000629
train,00952.jpg,test,00392.jpg,0.9527728648194953
train,00952.jpg,test,01486.jpg,0.9527728648194953
train,01382.jpg,test,01570.jpg,0.9527084204793902
train,01147.jpg,test,00428.jpg,0.95268214172835
train,01147.jpg,test,01523.jpg,0.95268214172835
train,01154.jpg,test,01525.jpg,0.9524442992891754
train,04888.jpg,test,02155.jpg,0.9524385318943689
train,01385.jpg,test,01570.jpg,0.9524370569450175
train,01389.jpg,test,01569.jpg,0.9522982564123199
train,01389.jpg,test,00462.jpg,0.9522982564123199
train,01394.jpg,test,00462.jpg,0.9519388889495606
train,01394.jpg,test,01569.jpg,0.9519388889495606
train,04841.jpg,test,02147.jpg,0.9518391283228117
train,04841.jpg,test,00911.jpg,0.9518391283228117
train,04849.jpg,test,02148.jpg,0.9513770215933303
train,04849.jpg,test,00912.jpg,0.9513770215933303
train,04846.jpg,test,00912.jpg,0.9513482692876133
train,04846.jpg,test,02148.jpg,0.9513482692876133
train,01389.jpg,test,00459.jpg,0.9513350221815866
train,01389.jpg,test,01566.jpg,0.9513350221815866
train,01394.jpg,test,00459.jpg,0.9513326170580862
train,01394.jpg,test,01566.jpg,0.9513326170580862
train,01143.jpg,test,00427.jpg,0.9512759516768483
train,01143.jpg,test,01522.jpg,0.9512759516768483
train,04846.jpg,test,00913.jpg,0.9512457342428691
train,01380.jpg,test,01570.jpg,0.9512201736062845
train,01401.jpg,test,01570.jpg,0.9511450506328862
train,04845.jpg,test,00913.jpg,0.9511149723148137
train,01132.jpg,test,00429.jpg,0.9510779961198826
train,01132.jpg,test,01524.jpg,0.9510779961198826
train,00858.jpg,test,01450.jpg,0.9508699681114707
train,00858.jpg,test,00382.jpg,0.9508699681114707
train,00864.jpg,test,00383.jpg,0.950819569235022
train,00864.jpg,test,01451.jpg,0.950819569235022
train,00974.jpg,test,01489.jpg,0.9507144289847004
train,00974.jpg,test,00394.jpg,0.9507144289847004
train,00937.jpg,test,01483.jpg,0.9506828182031394
train,00944.jpg,test,01487.jpg,0.9505545086239493
train,04908.jpg,test,02155.jpg,0.950526219203491
train,01136.jpg,test,00428.jpg,0.9504547190574556
train,01136.jpg,test,01523.jpg,0.9504547190574556
train,01148.jpg,test,00427.jpg,0.9501508395397941
train,01148.jpg,test,01522.jpg,0.9501508395397941
train,01397.jpg,test,01570.jpg,0.9500507678301475
train,04845.jpg,test,02148.jpg,0.950005048104332
train,04845.jpg,test,00912.jpg,0.950005048104332
train,01390.jpg,test,01570.jpg,0.9500006810611283
